wavfile,speaker,word
data/0_george_0.wav,george,ZERO
data/0_george_10.wav,george,ZERO
data/0_george_11.wav,george,ZERO
data/0_george_12.wav,george,ZERO
data/0_george_13.wav,george,ZERO
data/0_george_14.wav,george,ZERO
data/0_george_15.wav,george,ZERO
data/0_george_16.wav,george,ZERO
data/0_george_17.wav,george,ZERO
data/0_george_18.wav,george,ZERO
data/0_george_19.wav,george,ZERO
data/0_george_1.wav,george,ZERO
data/0_george_20.wav,george,ZERO
data/0_george_21.wav,george,ZERO
data/0_george_22.wav,george,ZERO
data/0_george_23.wav,george,ZERO
data/0_george_24.wav,george,ZERO
data/0_george_25.wav,george,ZERO
data/0_george_26.wav,george,ZERO
data/0_george_27.wav,george,ZERO
data/0_george_28.wav,george,ZERO
data/0_george_29.wav,george,ZERO
data/0_george_2.wav,george,ZERO
data/0_george_30.wav,george,ZERO
data/0_george_31.wav,george,ZERO
data/0_george_32.wav,george,ZERO
data/0_george_33.wav,george,ZERO
data/0_george_34.wav,george,ZERO
data/0_george_35.wav,george,ZERO
data/0_george_36.wav,george,ZERO
data/0_george_37.wav,george,ZERO
data/0_george_38.wav,george,ZERO
data/0_george_39.wav,george,ZERO
data/0_george_3.wav,george,ZERO
data/0_george_40.wav,george,ZERO
data/0_george_41.wav,george,ZERO
data/0_george_42.wav,george,ZERO
data/0_george_43.wav,george,ZERO
data/0_george_44.wav,george,ZERO
data/0_george_45.wav,george,ZERO
data/0_george_46.wav,george,ZERO
data/0_george_47.wav,george,ZERO
data/0_george_48.wav,george,ZERO
data/0_george_49.wav,george,ZERO
data/0_george_4.wav,george,ZERO
data/0_george_5.wav,george,ZERO
data/0_george_6.wav,george,ZERO
data/0_george_7.wav,george,ZERO
data/0_george_8.wav,george,ZERO
data/0_george_9.wav,george,ZERO
data/1_george_0.wav,george,ONE
data/1_george_10.wav,george,ONE
data/1_george_11.wav,george,ONE
data/1_george_12.wav,george,ONE
data/1_george_13.wav,george,ONE
data/1_george_14.wav,george,ONE
data/1_george_15.wav,george,ONE
data/1_george_16.wav,george,ONE
data/1_george_17.wav,george,ONE
data/1_george_18.wav,george,ONE
data/1_george_19.wav,george,ONE
data/1_george_1.wav,george,ONE
data/1_george_20.wav,george,ONE
data/1_george_21.wav,george,ONE
data/1_george_22.wav,george,ONE
data/1_george_23.wav,george,ONE
data/1_george_24.wav,george,ONE
data/1_george_25.wav,george,ONE
data/1_george_26.wav,george,ONE
data/1_george_27.wav,george,ONE
data/1_george_28.wav,george,ONE
data/1_george_29.wav,george,ONE
data/1_george_2.wav,george,ONE
data/1_george_30.wav,george,ONE
data/1_george_31.wav,george,ONE
data/1_george_32.wav,george,ONE
data/1_george_33.wav,george,ONE
data/1_george_34.wav,george,ONE
data/1_george_35.wav,george,ONE
data/1_george_36.wav,george,ONE
data/1_george_37.wav,george,ONE
data/1_george_38.wav,george,ONE
data/1_george_39.wav,george,ONE
data/1_george_3.wav,george,ONE
data/1_george_40.wav,george,ONE
data/1_george_41.wav,george,ONE
data/1_george_42.wav,george,ONE
data/1_george_43.wav,george,ONE
data/1_george_44.wav,george,ONE
data/1_george_45.wav,george,ONE
data/1_george_46.wav,george,ONE
data/1_george_47.wav,george,ONE
data/1_george_48.wav,george,ONE
data/1_george_49.wav,george,ONE
data/1_george_4.wav,george,ONE
data/1_george_5.wav,george,ONE
data/1_george_6.wav,george,ONE
data/1_george_7.wav,george,ONE
data/1_george_8.wav,george,ONE
data/1_george_9.wav,george,ONE
data/2_george_0.wav,george,TWO
data/2_george_10.wav,george,TWO
data/2_george_11.wav,george,TWO
data/2_george_12.wav,george,TWO
data/2_george_13.wav,george,TWO
data/2_george_14.wav,george,TWO
data/2_george_15.wav,george,TWO
data/2_george_16.wav,george,TWO
data/2_george_17.wav,george,TWO
data/2_george_18.wav,george,TWO
data/2_george_19.wav,george,TWO
data/2_george_1.wav,george,TWO
data/2_george_20.wav,george,TWO
data/2_george_21.wav,george,TWO
data/2_george_22.wav,george,TWO
data/2_george_23.wav,george,TWO
data/2_george_24.wav,george,TWO
data/2_george_25.wav,george,TWO
data/2_george_26.wav,george,TWO
data/2_george_27.wav,george,TWO
data/2_george_28.wav,george,TWO
data/2_george_29.wav,george,TWO
data/2_george_2.wav,george,TWO
data/2_george_30.wav,george,TWO
data/2_george_31.wav,george,TWO
data/2_george_32.wav,george,TWO
data/2_george_33.wav,george,TWO
data/2_george_34.wav,george,TWO
data/2_george_35.wav,george,TWO
data/2_george_36.wav,george,TWO
data/2_george_37.wav,george,TWO
data/2_george_38.wav,george,TWO
data/2_george_39.wav,george,TWO
data/2_george_3.wav,george,TWO
data/2_george_40.wav,george,TWO
data/2_george_41.wav,george,TWO
data/2_george_42.wav,george,TWO
data/2_george_43.wav,george,TWO
data/2_george_44.wav,george,TWO
data/2_george_45.wav,george,TWO
data/2_george_46.wav,george,TWO
data/2_george_47.wav,george,TWO
data/2_george_48.wav,george,TWO
data/2_george_49.wav,george,TWO
data/2_george_4.wav,george,TWO
data/2_george_5.wav,george,TWO
data/2_george_6.wav,george,TWO
data/2_george_7.wav,george,TWO
data/2_george_8.wav,george,TWO
data/2_george_9.wav,george,TWO
data/3_george_0.wav,george,THREE
data/3_george_10.wav,george,THREE
data/3_george_11.wav,george,THREE
data/3_george_12.wav,george,THREE
data/3_george_13.wav,george,THREE
data/3_george_14.wav,george,THREE
data/3_george_15.wav,george,THREE
data/3_george_16.wav,george,THREE
data/3_george_17.wav,george,THREE
data/3_george_18.wav,george,THREE
data/3_george_19.wav,george,THREE
data/3_george_1.wav,george,THREE
data/3_george_20.wav,george,THREE
data/3_george_21.wav,george,THREE
data/3_george_22.wav,george,THREE
data/3_george_23.wav,george,THREE
data/3_george_24.wav,george,THREE
data/3_george_25.wav,george,THREE
data/3_george_26.wav,george,THREE
data/3_george_27.wav,george,THREE
data/3_george_28.wav,george,THREE
data/3_george_29.wav,george,THREE
data/3_george_2.wav,george,THREE
data/3_george_30.wav,george,THREE
data/3_george_31.wav,george,THREE
data/3_george_32.wav,george,THREE
data/3_george_33.wav,george,THREE
data/3_george_34.wav,george,THREE
data/3_george_35.wav,george,THREE
data/3_george_36.wav,george,THREE
data/3_george_37.wav,george,THREE
data/3_george_38.wav,george,THREE
data/3_george_39.wav,george,THREE
data/3_george_3.wav,george,THREE
data/3_george_40.wav,george,THREE
data/3_george_41.wav,george,THREE
data/3_george_42.wav,george,THREE
data/3_george_43.wav,george,THREE
data/3_george_44.wav,george,THREE
data/3_george_45.wav,george,THREE
data/3_george_46.wav,george,THREE
data/3_george_47.wav,george,THREE
data/3_george_48.wav,george,THREE
data/3_george_49.wav,george,THREE
data/3_george_4.wav,george,THREE
data/3_george_5.wav,george,THREE
data/3_george_6.wav,george,THREE
data/3_george_7.wav,george,THREE
data/3_george_8.wav,george,THREE
data/3_george_9.wav,george,THREE
data/4_george_0.wav,george,FOUR
data/4_george_10.wav,george,FOUR
data/4_george_11.wav,george,FOUR
data/4_george_12.wav,george,FOUR
data/4_george_13.wav,george,FOUR
data/4_george_14.wav,george,FOUR
data/4_george_15.wav,george,FOUR
data/4_george_16.wav,george,FOUR
data/4_george_17.wav,george,FOUR
data/4_george_18.wav,george,FOUR
data/4_george_19.wav,george,FOUR
data/4_george_1.wav,george,FOUR
data/4_george_20.wav,george,FOUR
data/4_george_21.wav,george,FOUR
data/4_george_22.wav,george,FOUR
data/4_george_23.wav,george,FOUR
data/4_george_24.wav,george,FOUR
data/4_george_25.wav,george,FOUR
data/4_george_26.wav,george,FOUR
data/4_george_27.wav,george,FOUR
data/4_george_28.wav,george,FOUR
data/4_george_29.wav,george,FOUR
data/4_george_2.wav,george,FOUR
data/4_george_30.wav,george,FOUR
data/4_george_31.wav,george,FOUR
data/4_george_32.wav,george,FOUR
data/4_george_33.wav,george,FOUR
data/4_george_34.wav,george,FOUR
data/4_george_35.wav,george,FOUR
data/4_george_36.wav,george,FOUR
data/4_george_37.wav,george,FOUR
data/4_george_38.wav,george,FOUR
data/4_george_39.wav,george,FOUR
data/4_george_3.wav,george,FOUR
data/4_george_40.wav,george,FOUR
data/4_george_41.wav,george,FOUR
data/4_george_42.wav,george,FOUR
data/4_george_43.wav,george,FOUR
data/4_george_44.wav,george,FOUR
data/4_george_45.wav,george,FOUR
data/4_george_46.wav,george,FOUR
data/4_george_47.wav,george,FOUR
data/4_george_48.wav,george,FOUR
data/4_george_49.wav,george,FOUR
data/4_george_4.wav,george,FOUR
data/4_george_5.wav,george,FOUR
data/4_george_6.wav,george,FOUR
data/4_george_7.wav,george,FOUR
data/4_george_8.wav,george,FOUR
data/4_george_9.wav,george,FOUR
data/5_george_0.wav,george,FIVE
data/5_george_10.wav,george,FIVE
data/5_george_11.wav,george,FIVE
data/5_george_12.wav,george,FIVE
data/5_george_13.wav,george,FIVE
data/5_george_14.wav,george,FIVE
data/5_george_15.wav,george,FIVE
data/5_george_16.wav,george,FIVE
data/5_george_17.wav,george,FIVE
data/5_george_18.wav,george,FIVE
data/5_george_19.wav,george,FIVE
data/5_george_1.wav,george,FIVE
data/5_george_20.wav,george,FIVE
data/5_george_21.wav,george,FIVE
data/5_george_22.wav,george,FIVE
data/5_george_23.wav,george,FIVE
data/5_george_24.wav,george,FIVE
data/5_george_25.wav,george,FIVE
data/5_george_26.wav,george,FIVE
data/5_george_27.wav,george,FIVE
data/5_george_28.wav,george,FIVE
data/5_george_29.wav,george,FIVE
data/5_george_2.wav,george,FIVE
data/5_george_30.wav,george,FIVE
data/5_george_31.wav,george,FIVE
data/5_george_32.wav,george,FIVE
data/5_george_33.wav,george,FIVE
data/5_george_34.wav,george,FIVE
data/5_george_35.wav,george,FIVE
data/5_george_36.wav,george,FIVE
data/5_george_37.wav,george,FIVE
data/5_george_38.wav,george,FIVE
data/5_george_39.wav,george,FIVE
data/5_george_3.wav,george,FIVE
data/5_george_40.wav,george,FIVE
data/5_george_41.wav,george,FIVE
data/5_george_42.wav,george,FIVE
data/5_george_43.wav,george,FIVE
data/5_george_44.wav,george,FIVE
data/5_george_45.wav,george,FIVE
data/5_george_46.wav,george,FIVE
data/5_george_47.wav,george,FIVE
data/5_george_48.wav,george,FIVE
data/5_george_49.wav,george,FIVE
data/5_george_4.wav,george,FIVE
data/5_george_5.wav,george,FIVE
data/5_george_6.wav,george,FIVE
data/5_george_7.wav,george,FIVE
data/5_george_8.wav,george,FIVE
data/5_george_9.wav,george,FIVE
data/6_george_0.wav,george,SIX
data/6_george_10.wav,george,SIX
data/6_george_11.wav,george,SIX
data/6_george_12.wav,george,SIX
data/6_george_13.wav,george,SIX
data/6_george_14.wav,george,SIX
data/6_george_15.wav,george,SIX
data/6_george_16.wav,george,SIX
data/6_george_17.wav,george,SIX
data/6_george_18.wav,george,SIX
data/6_george_19.wav,george,SIX
data/6_george_1.wav,george,SIX
data/6_george_20.wav,george,SIX
data/6_george_21.wav,george,SIX
data/6_george_22.wav,george,SIX
data/6_george_23.wav,george,SIX
data/6_george_24.wav,george,SIX
data/6_george_25.wav,george,SIX
data/6_george_26.wav,george,SIX
data/6_george_27.wav,george,SIX
data/6_george_28.wav,george,SIX
data/6_george_29.wav,george,SIX
data/6_george_2.wav,george,SIX
data/6_george_30.wav,george,SIX
data/6_george_31.wav,george,SIX
data/6_george_32.wav,george,SIX
data/6_george_33.wav,george,SIX
data/6_george_34.wav,george,SIX
data/6_george_35.wav,george,SIX
data/6_george_36.wav,george,SIX
data/6_george_37.wav,george,SIX
data/6_george_38.wav,george,SIX
data/6_george_39.wav,george,SIX
data/6_george_3.wav,george,SIX
data/6_george_40.wav,george,SIX
data/6_george_41.wav,george,SIX
data/6_george_42.wav,george,SIX
data/6_george_43.wav,george,SIX
data/6_george_44.wav,george,SIX
data/6_george_45.wav,george,SIX
data/6_george_46.wav,george,SIX
data/6_george_47.wav,george,SIX
data/6_george_48.wav,george,SIX
data/6_george_49.wav,george,SIX
data/6_george_4.wav,george,SIX
data/6_george_5.wav,george,SIX
data/6_george_6.wav,george,SIX
data/6_george_7.wav,george,SIX
data/6_george_8.wav,george,SIX
data/6_george_9.wav,george,SIX
data/7_george_0.wav,george,SEVEN
data/7_george_10.wav,george,SEVEN
data/7_george_11.wav,george,SEVEN
data/7_george_12.wav,george,SEVEN
data/7_george_13.wav,george,SEVEN
data/7_george_14.wav,george,SEVEN
data/7_george_15.wav,george,SEVEN
data/7_george_16.wav,george,SEVEN
data/7_george_17.wav,george,SEVEN
data/7_george_18.wav,george,SEVEN
data/7_george_19.wav,george,SEVEN
data/7_george_1.wav,george,SEVEN
data/7_george_20.wav,george,SEVEN
data/7_george_21.wav,george,SEVEN
data/7_george_22.wav,george,SEVEN
data/7_george_23.wav,george,SEVEN
data/7_george_24.wav,george,SEVEN
data/7_george_25.wav,george,SEVEN
data/7_george_26.wav,george,SEVEN
data/7_george_27.wav,george,SEVEN
data/7_george_28.wav,george,SEVEN
data/7_george_29.wav,george,SEVEN
data/7_george_2.wav,george,SEVEN
data/7_george_30.wav,george,SEVEN
data/7_george_31.wav,george,SEVEN
data/7_george_32.wav,george,SEVEN
data/7_george_33.wav,george,SEVEN
data/7_george_34.wav,george,SEVEN
data/7_george_35.wav,george,SEVEN
data/7_george_36.wav,george,SEVEN
data/7_george_37.wav,george,SEVEN
data/7_george_38.wav,george,SEVEN
data/7_george_39.wav,george,SEVEN
data/7_george_3.wav,george,SEVEN
data/7_george_40.wav,george,SEVEN
data/7_george_41.wav,george,SEVEN
data/7_george_42.wav,george,SEVEN
data/7_george_43.wav,george,SEVEN
data/7_george_44.wav,george,SEVEN
data/7_george_45.wav,george,SEVEN
data/7_george_46.wav,george,SEVEN
data/7_george_47.wav,george,SEVEN
data/7_george_48.wav,george,SEVEN
data/7_george_49.wav,george,SEVEN
data/7_george_4.wav,george,SEVEN
data/7_george_5.wav,george,SEVEN
data/7_george_6.wav,george,SEVEN
data/7_george_7.wav,george,SEVEN
data/7_george_8.wav,george,SEVEN
data/7_george_9.wav,george,SEVEN
data/8_george_0.wav,george,EIGHT
data/8_george_10.wav,george,EIGHT
data/8_george_11.wav,george,EIGHT
data/8_george_12.wav,george,EIGHT
data/8_george_13.wav,george,EIGHT
data/8_george_14.wav,george,EIGHT
data/8_george_15.wav,george,EIGHT
data/8_george_16.wav,george,EIGHT
data/8_george_17.wav,george,EIGHT
data/8_george_18.wav,george,EIGHT
data/8_george_19.wav,george,EIGHT
data/8_george_1.wav,george,EIGHT
data/8_george_20.wav,george,EIGHT
data/8_george_21.wav,george,EIGHT
data/8_george_22.wav,george,EIGHT
data/8_george_23.wav,george,EIGHT
data/8_george_24.wav,george,EIGHT
data/8_george_25.wav,george,EIGHT
data/8_george_26.wav,george,EIGHT
data/8_george_27.wav,george,EIGHT
data/8_george_28.wav,george,EIGHT
data/8_george_29.wav,george,EIGHT
data/8_george_2.wav,george,EIGHT
data/8_george_30.wav,george,EIGHT
data/8_george_31.wav,george,EIGHT
data/8_george_32.wav,george,EIGHT
data/8_george_33.wav,george,EIGHT
data/8_george_34.wav,george,EIGHT
data/8_george_35.wav,george,EIGHT
data/8_george_36.wav,george,EIGHT
data/8_george_37.wav,george,EIGHT
data/8_george_38.wav,george,EIGHT
data/8_george_39.wav,george,EIGHT
data/8_george_3.wav,george,EIGHT
data/8_george_40.wav,george,EIGHT
data/8_george_41.wav,george,EIGHT
data/8_george_42.wav,george,EIGHT
data/8_george_43.wav,george,EIGHT
data/8_george_44.wav,george,EIGHT
data/8_george_45.wav,george,EIGHT
data/8_george_46.wav,george,EIGHT
data/8_george_47.wav,george,EIGHT
data/8_george_48.wav,george,EIGHT
data/8_george_49.wav,george,EIGHT
data/8_george_4.wav,george,EIGHT
data/8_george_5.wav,george,EIGHT
data/8_george_6.wav,george,EIGHT
data/8_george_7.wav,george,EIGHT
data/8_george_8.wav,george,EIGHT
data/8_george_9.wav,george,EIGHT
data/9_george_0.wav,george,NINE
data/9_george_10.wav,george,NINE
data/9_george_11.wav,george,NINE
data/9_george_12.wav,george,NINE
data/9_george_13.wav,george,NINE
data/9_george_14.wav,george,NINE
data/9_george_15.wav,george,NINE
data/9_george_16.wav,george,NINE
data/9_george_17.wav,george,NINE
data/9_george_18.wav,george,NINE
data/9_george_19.wav,george,NINE
data/9_george_1.wav,george,NINE
data/9_george_20.wav,george,NINE
data/9_george_21.wav,george,NINE
data/9_george_22.wav,george,NINE
data/9_george_23.wav,george,NINE
data/9_george_24.wav,george,NINE
data/9_george_25.wav,george,NINE
data/9_george_26.wav,george,NINE
data/9_george_27.wav,george,NINE
data/9_george_28.wav,george,NINE
data/9_george_29.wav,george,NINE
data/9_george_2.wav,george,NINE
data/9_george_30.wav,george,NINE
data/9_george_31.wav,george,NINE
data/9_george_32.wav,george,NINE
data/9_george_33.wav,george,NINE
data/9_george_34.wav,george,NINE
data/9_george_35.wav,george,NINE
data/9_george_36.wav,george,NINE
data/9_george_37.wav,george,NINE
data/9_george_38.wav,george,NINE
data/9_george_39.wav,george,NINE
data/9_george_3.wav,george,NINE
data/9_george_40.wav,george,NINE
data/9_george_41.wav,george,NINE
data/9_george_42.wav,george,NINE
data/9_george_43.wav,george,NINE
data/9_george_44.wav,george,NINE
data/9_george_45.wav,george,NINE
data/9_george_46.wav,george,NINE
data/9_george_47.wav,george,NINE
data/9_george_48.wav,george,NINE
data/9_george_49.wav,george,NINE
data/9_george_4.wav,george,NINE
data/9_george_5.wav,george,NINE
data/9_george_6.wav,george,NINE
data/9_george_7.wav,george,NINE
data/9_george_8.wav,george,NINE
data/9_george_9.wav,george,NINE
data/0_jackson_0.wav,jackson,ZERO
data/0_jackson_10.wav,jackson,ZERO
data/0_jackson_11.wav,jackson,ZERO
data/0_jackson_12.wav,jackson,ZERO
data/0_jackson_13.wav,jackson,ZERO
data/0_jackson_14.wav,jackson,ZERO
data/0_jackson_15.wav,jackson,ZERO
data/0_jackson_16.wav,jackson,ZERO
data/0_jackson_17.wav,jackson,ZERO
data/0_jackson_18.wav,jackson,ZERO
data/0_jackson_19.wav,jackson,ZERO
data/0_jackson_1.wav,jackson,ZERO
data/0_jackson_20.wav,jackson,ZERO
data/0_jackson_21.wav,jackson,ZERO
data/0_jackson_22.wav,jackson,ZERO
data/0_jackson_23.wav,jackson,ZERO
data/0_jackson_24.wav,jackson,ZERO
data/0_jackson_25.wav,jackson,ZERO
data/0_jackson_26.wav,jackson,ZERO
data/0_jackson_27.wav,jackson,ZERO
data/0_jackson_28.wav,jackson,ZERO
data/0_jackson_29.wav,jackson,ZERO
data/0_jackson_2.wav,jackson,ZERO
data/0_jackson_30.wav,jackson,ZERO
data/0_jackson_31.wav,jackson,ZERO
data/0_jackson_32.wav,jackson,ZERO
data/0_jackson_33.wav,jackson,ZERO
data/0_jackson_34.wav,jackson,ZERO
data/0_jackson_35.wav,jackson,ZERO
data/0_jackson_36.wav,jackson,ZERO
data/0_jackson_37.wav,jackson,ZERO
data/0_jackson_38.wav,jackson,ZERO
data/0_jackson_39.wav,jackson,ZERO
data/0_jackson_3.wav,jackson,ZERO
data/0_jackson_40.wav,jackson,ZERO
data/0_jackson_41.wav,jackson,ZERO
data/0_jackson_42.wav,jackson,ZERO
data/0_jackson_43.wav,jackson,ZERO
data/0_jackson_44.wav,jackson,ZERO
data/0_jackson_45.wav,jackson,ZERO
data/0_jackson_46.wav,jackson,ZERO
data/0_jackson_47.wav,jackson,ZERO
data/0_jackson_48.wav,jackson,ZERO
data/0_jackson_49.wav,jackson,ZERO
data/0_jackson_4.wav,jackson,ZERO
data/0_jackson_5.wav,jackson,ZERO
data/0_jackson_6.wav,jackson,ZERO
data/0_jackson_7.wav,jackson,ZERO
data/0_jackson_8.wav,jackson,ZERO
data/0_jackson_9.wav,jackson,ZERO
data/1_jackson_0.wav,jackson,ONE
data/1_jackson_10.wav,jackson,ONE
data/1_jackson_11.wav,jackson,ONE
data/1_jackson_12.wav,jackson,ONE
data/1_jackson_13.wav,jackson,ONE
data/1_jackson_14.wav,jackson,ONE
data/1_jackson_15.wav,jackson,ONE
data/1_jackson_16.wav,jackson,ONE
data/1_jackson_17.wav,jackson,ONE
data/1_jackson_18.wav,jackson,ONE
data/1_jackson_19.wav,jackson,ONE
data/1_jackson_1.wav,jackson,ONE
data/1_jackson_20.wav,jackson,ONE
data/1_jackson_21.wav,jackson,ONE
data/1_jackson_22.wav,jackson,ONE
data/1_jackson_23.wav,jackson,ONE
data/1_jackson_24.wav,jackson,ONE
data/1_jackson_25.wav,jackson,ONE
data/1_jackson_26.wav,jackson,ONE
data/1_jackson_27.wav,jackson,ONE
data/1_jackson_28.wav,jackson,ONE
data/1_jackson_29.wav,jackson,ONE
data/1_jackson_2.wav,jackson,ONE
data/1_jackson_30.wav,jackson,ONE
data/1_jackson_31.wav,jackson,ONE
data/1_jackson_32.wav,jackson,ONE
data/1_jackson_33.wav,jackson,ONE
data/1_jackson_34.wav,jackson,ONE
data/1_jackson_35.wav,jackson,ONE
data/1_jackson_36.wav,jackson,ONE
data/1_jackson_37.wav,jackson,ONE
data/1_jackson_38.wav,jackson,ONE
data/1_jackson_39.wav,jackson,ONE
data/1_jackson_3.wav,jackson,ONE
data/1_jackson_40.wav,jackson,ONE
data/1_jackson_41.wav,jackson,ONE
data/1_jackson_42.wav,jackson,ONE
data/1_jackson_43.wav,jackson,ONE
data/1_jackson_44.wav,jackson,ONE
data/1_jackson_45.wav,jackson,ONE
data/1_jackson_46.wav,jackson,ONE
data/1_jackson_47.wav,jackson,ONE
data/1_jackson_48.wav,jackson,ONE
data/1_jackson_49.wav,jackson,ONE
data/1_jackson_4.wav,jackson,ONE
data/1_jackson_5.wav,jackson,ONE
data/1_jackson_6.wav,jackson,ONE
data/1_jackson_7.wav,jackson,ONE
data/1_jackson_8.wav,jackson,ONE
data/1_jackson_9.wav,jackson,ONE
data/2_jackson_0.wav,jackson,TWO
data/2_jackson_10.wav,jackson,TWO
data/2_jackson_11.wav,jackson,TWO
data/2_jackson_12.wav,jackson,TWO
data/2_jackson_13.wav,jackson,TWO
data/2_jackson_14.wav,jackson,TWO
data/2_jackson_15.wav,jackson,TWO
data/2_jackson_16.wav,jackson,TWO
data/2_jackson_17.wav,jackson,TWO
data/2_jackson_18.wav,jackson,TWO
data/2_jackson_19.wav,jackson,TWO
data/2_jackson_1.wav,jackson,TWO
data/2_jackson_20.wav,jackson,TWO
data/2_jackson_21.wav,jackson,TWO
data/2_jackson_22.wav,jackson,TWO
data/2_jackson_23.wav,jackson,TWO
data/2_jackson_24.wav,jackson,TWO
data/2_jackson_25.wav,jackson,TWO
data/2_jackson_26.wav,jackson,TWO
data/2_jackson_27.wav,jackson,TWO
data/2_jackson_28.wav,jackson,TWO
data/2_jackson_29.wav,jackson,TWO
data/2_jackson_2.wav,jackson,TWO
data/2_jackson_30.wav,jackson,TWO
data/2_jackson_31.wav,jackson,TWO
data/2_jackson_32.wav,jackson,TWO
data/2_jackson_33.wav,jackson,TWO
data/2_jackson_34.wav,jackson,TWO
data/2_jackson_35.wav,jackson,TWO
data/2_jackson_36.wav,jackson,TWO
data/2_jackson_37.wav,jackson,TWO
data/2_jackson_38.wav,jackson,TWO
data/2_jackson_39.wav,jackson,TWO
data/2_jackson_3.wav,jackson,TWO
data/2_jackson_40.wav,jackson,TWO
data/2_jackson_41.wav,jackson,TWO
data/2_jackson_42.wav,jackson,TWO
data/2_jackson_43.wav,jackson,TWO
data/2_jackson_44.wav,jackson,TWO
data/2_jackson_45.wav,jackson,TWO
data/2_jackson_46.wav,jackson,TWO
data/2_jackson_47.wav,jackson,TWO
data/2_jackson_48.wav,jackson,TWO
data/2_jackson_49.wav,jackson,TWO
data/2_jackson_4.wav,jackson,TWO
data/2_jackson_5.wav,jackson,TWO
data/2_jackson_6.wav,jackson,TWO
data/2_jackson_7.wav,jackson,TWO
data/2_jackson_8.wav,jackson,TWO
data/2_jackson_9.wav,jackson,TWO
data/3_jackson_0.wav,jackson,THREE
data/3_jackson_10.wav,jackson,THREE
data/3_jackson_11.wav,jackson,THREE
data/3_jackson_12.wav,jackson,THREE
data/3_jackson_13.wav,jackson,THREE
data/3_jackson_14.wav,jackson,THREE
data/3_jackson_15.wav,jackson,THREE
data/3_jackson_16.wav,jackson,THREE
data/3_jackson_17.wav,jackson,THREE
data/3_jackson_18.wav,jackson,THREE
data/3_jackson_19.wav,jackson,THREE
data/3_jackson_1.wav,jackson,THREE
data/3_jackson_20.wav,jackson,THREE
data/3_jackson_21.wav,jackson,THREE
data/3_jackson_22.wav,jackson,THREE
data/3_jackson_23.wav,jackson,THREE
data/3_jackson_24.wav,jackson,THREE
data/3_jackson_25.wav,jackson,THREE
data/3_jackson_26.wav,jackson,THREE
data/3_jackson_27.wav,jackson,THREE
data/3_jackson_28.wav,jackson,THREE
data/3_jackson_29.wav,jackson,THREE
data/3_jackson_2.wav,jackson,THREE
data/3_jackson_30.wav,jackson,THREE
data/3_jackson_31.wav,jackson,THREE
data/3_jackson_32.wav,jackson,THREE
data/3_jackson_33.wav,jackson,THREE
data/3_jackson_34.wav,jackson,THREE
data/3_jackson_35.wav,jackson,THREE
data/3_jackson_36.wav,jackson,THREE
data/3_jackson_37.wav,jackson,THREE
data/3_jackson_38.wav,jackson,THREE
data/3_jackson_39.wav,jackson,THREE
data/3_jackson_3.wav,jackson,THREE
data/3_jackson_40.wav,jackson,THREE
data/3_jackson_41.wav,jackson,THREE
data/3_jackson_42.wav,jackson,THREE
data/3_jackson_43.wav,jackson,THREE
data/3_jackson_44.wav,jackson,THREE
data/3_jackson_45.wav,jackson,THREE
data/3_jackson_46.wav,jackson,THREE
data/3_jackson_47.wav,jackson,THREE
data/3_jackson_48.wav,jackson,THREE
data/3_jackson_49.wav,jackson,THREE
data/3_jackson_4.wav,jackson,THREE
data/3_jackson_5.wav,jackson,THREE
data/3_jackson_6.wav,jackson,THREE
data/3_jackson_7.wav,jackson,THREE
data/3_jackson_8.wav,jackson,THREE
data/3_jackson_9.wav,jackson,THREE
data/4_jackson_0.wav,jackson,FOUR
data/4_jackson_10.wav,jackson,FOUR
data/4_jackson_11.wav,jackson,FOUR
data/4_jackson_12.wav,jackson,FOUR
data/4_jackson_13.wav,jackson,FOUR
data/4_jackson_14.wav,jackson,FOUR
data/4_jackson_15.wav,jackson,FOUR
data/4_jackson_16.wav,jackson,FOUR
data/4_jackson_17.wav,jackson,FOUR
data/4_jackson_18.wav,jackson,FOUR
data/4_jackson_19.wav,jackson,FOUR
data/4_jackson_1.wav,jackson,FOUR
data/4_jackson_20.wav,jackson,FOUR
data/4_jackson_21.wav,jackson,FOUR
data/4_jackson_22.wav,jackson,FOUR
data/4_jackson_23.wav,jackson,FOUR
data/4_jackson_24.wav,jackson,FOUR
data/4_jackson_25.wav,jackson,FOUR
data/4_jackson_26.wav,jackson,FOUR
data/4_jackson_27.wav,jackson,FOUR
data/4_jackson_28.wav,jackson,FOUR
data/4_jackson_29.wav,jackson,FOUR
data/4_jackson_2.wav,jackson,FOUR
data/4_jackson_30.wav,jackson,FOUR
data/4_jackson_31.wav,jackson,FOUR
data/4_jackson_32.wav,jackson,FOUR
data/4_jackson_33.wav,jackson,FOUR
data/4_jackson_34.wav,jackson,FOUR
data/4_jackson_35.wav,jackson,FOUR
data/4_jackson_36.wav,jackson,FOUR
data/4_jackson_37.wav,jackson,FOUR
data/4_jackson_38.wav,jackson,FOUR
data/4_jackson_39.wav,jackson,FOUR
data/4_jackson_3.wav,jackson,FOUR
data/4_jackson_40.wav,jackson,FOUR
data/4_jackson_41.wav,jackson,FOUR
data/4_jackson_42.wav,jackson,FOUR
data/4_jackson_43.wav,jackson,FOUR
data/4_jackson_44.wav,jackson,FOUR
data/4_jackson_45.wav,jackson,FOUR
data/4_jackson_46.wav,jackson,FOUR
data/4_jackson_47.wav,jackson,FOUR
data/4_jackson_48.wav,jackson,FOUR
data/4_jackson_49.wav,jackson,FOUR
data/4_jackson_4.wav,jackson,FOUR
data/4_jackson_5.wav,jackson,FOUR
data/4_jackson_6.wav,jackson,FOUR
data/4_jackson_7.wav,jackson,FOUR
data/4_jackson_8.wav,jackson,FOUR
data/4_jackson_9.wav,jackson,FOUR
data/5_jackson_0.wav,jackson,FIVE
data/5_jackson_10.wav,jackson,FIVE
data/5_jackson_11.wav,jackson,FIVE
data/5_jackson_12.wav,jackson,FIVE
data/5_jackson_13.wav,jackson,FIVE
data/5_jackson_14.wav,jackson,FIVE
data/5_jackson_15.wav,jackson,FIVE
data/5_jackson_16.wav,jackson,FIVE
data/5_jackson_17.wav,jackson,FIVE
data/5_jackson_18.wav,jackson,FIVE
data/5_jackson_19.wav,jackson,FIVE
data/5_jackson_1.wav,jackson,FIVE
data/5_jackson_20.wav,jackson,FIVE
data/5_jackson_21.wav,jackson,FIVE
data/5_jackson_22.wav,jackson,FIVE
data/5_jackson_23.wav,jackson,FIVE
data/5_jackson_24.wav,jackson,FIVE
data/5_jackson_25.wav,jackson,FIVE
data/5_jackson_26.wav,jackson,FIVE
data/5_jackson_27.wav,jackson,FIVE
data/5_jackson_28.wav,jackson,FIVE
data/5_jackson_29.wav,jackson,FIVE
data/5_jackson_2.wav,jackson,FIVE
data/5_jackson_30.wav,jackson,FIVE
data/5_jackson_31.wav,jackson,FIVE
data/5_jackson_32.wav,jackson,FIVE
data/5_jackson_33.wav,jackson,FIVE
data/5_jackson_34.wav,jackson,FIVE
data/5_jackson_35.wav,jackson,FIVE
data/5_jackson_36.wav,jackson,FIVE
data/5_jackson_37.wav,jackson,FIVE
data/5_jackson_38.wav,jackson,FIVE
data/5_jackson_39.wav,jackson,FIVE
data/5_jackson_3.wav,jackson,FIVE
data/5_jackson_40.wav,jackson,FIVE
data/5_jackson_41.wav,jackson,FIVE
data/5_jackson_42.wav,jackson,FIVE
data/5_jackson_43.wav,jackson,FIVE
data/5_jackson_44.wav,jackson,FIVE
data/5_jackson_45.wav,jackson,FIVE
data/5_jackson_46.wav,jackson,FIVE
data/5_jackson_47.wav,jackson,FIVE
data/5_jackson_48.wav,jackson,FIVE
data/5_jackson_49.wav,jackson,FIVE
data/5_jackson_4.wav,jackson,FIVE
data/5_jackson_5.wav,jackson,FIVE
data/5_jackson_6.wav,jackson,FIVE
data/5_jackson_7.wav,jackson,FIVE
data/5_jackson_8.wav,jackson,FIVE
data/5_jackson_9.wav,jackson,FIVE
data/6_jackson_0.wav,jackson,SIX
data/6_jackson_10.wav,jackson,SIX
data/6_jackson_11.wav,jackson,SIX
data/6_jackson_12.wav,jackson,SIX
data/6_jackson_13.wav,jackson,SIX
data/6_jackson_14.wav,jackson,SIX
data/6_jackson_15.wav,jackson,SIX
data/6_jackson_16.wav,jackson,SIX
data/6_jackson_17.wav,jackson,SIX
data/6_jackson_18.wav,jackson,SIX
data/6_jackson_19.wav,jackson,SIX
data/6_jackson_1.wav,jackson,SIX
data/6_jackson_20.wav,jackson,SIX
data/6_jackson_21.wav,jackson,SIX
data/6_jackson_22.wav,jackson,SIX
data/6_jackson_23.wav,jackson,SIX
data/6_jackson_24.wav,jackson,SIX
data/6_jackson_25.wav,jackson,SIX
data/6_jackson_26.wav,jackson,SIX
data/6_jackson_27.wav,jackson,SIX
data/6_jackson_28.wav,jackson,SIX
data/6_jackson_29.wav,jackson,SIX
data/6_jackson_2.wav,jackson,SIX
data/6_jackson_30.wav,jackson,SIX
data/6_jackson_31.wav,jackson,SIX
data/6_jackson_32.wav,jackson,SIX
data/6_jackson_33.wav,jackson,SIX
data/6_jackson_34.wav,jackson,SIX
data/6_jackson_35.wav,jackson,SIX
data/6_jackson_36.wav,jackson,SIX
data/6_jackson_37.wav,jackson,SIX
data/6_jackson_38.wav,jackson,SIX
data/6_jackson_39.wav,jackson,SIX
data/6_jackson_3.wav,jackson,SIX
data/6_jackson_40.wav,jackson,SIX
data/6_jackson_41.wav,jackson,SIX
data/6_jackson_42.wav,jackson,SIX
data/6_jackson_43.wav,jackson,SIX
data/6_jackson_44.wav,jackson,SIX
data/6_jackson_45.wav,jackson,SIX
data/6_jackson_46.wav,jackson,SIX
data/6_jackson_47.wav,jackson,SIX
data/6_jackson_48.wav,jackson,SIX
data/6_jackson_49.wav,jackson,SIX
data/6_jackson_4.wav,jackson,SIX
data/6_jackson_5.wav,jackson,SIX
data/6_jackson_6.wav,jackson,SIX
data/6_jackson_7.wav,jackson,SIX
data/6_jackson_8.wav,jackson,SIX
data/6_jackson_9.wav,jackson,SIX
data/7_jackson_0.wav,jackson,SEVEN
data/7_jackson_10.wav,jackson,SEVEN
data/7_jackson_11.wav,jackson,SEVEN
data/7_jackson_12.wav,jackson,SEVEN
data/7_jackson_13.wav,jackson,SEVEN
data/7_jackson_14.wav,jackson,SEVEN
data/7_jackson_15.wav,jackson,SEVEN
data/7_jackson_16.wav,jackson,SEVEN
data/7_jackson_17.wav,jackson,SEVEN
data/7_jackson_18.wav,jackson,SEVEN
data/7_jackson_19.wav,jackson,SEVEN
data/7_jackson_1.wav,jackson,SEVEN
data/7_jackson_20.wav,jackson,SEVEN
data/7_jackson_21.wav,jackson,SEVEN
data/7_jackson_22.wav,jackson,SEVEN
data/7_jackson_23.wav,jackson,SEVEN
data/7_jackson_24.wav,jackson,SEVEN
data/7_jackson_25.wav,jackson,SEVEN
data/7_jackson_26.wav,jackson,SEVEN
data/7_jackson_27.wav,jackson,SEVEN
data/7_jackson_28.wav,jackson,SEVEN
data/7_jackson_29.wav,jackson,SEVEN
data/7_jackson_2.wav,jackson,SEVEN
data/7_jackson_30.wav,jackson,SEVEN
data/7_jackson_31.wav,jackson,SEVEN
data/7_jackson_32.wav,jackson,SEVEN
data/7_jackson_33.wav,jackson,SEVEN
data/7_jackson_34.wav,jackson,SEVEN
data/7_jackson_35.wav,jackson,SEVEN
data/7_jackson_36.wav,jackson,SEVEN
data/7_jackson_37.wav,jackson,SEVEN
data/7_jackson_38.wav,jackson,SEVEN
data/7_jackson_39.wav,jackson,SEVEN
data/7_jackson_3.wav,jackson,SEVEN
data/7_jackson_40.wav,jackson,SEVEN
data/7_jackson_41.wav,jackson,SEVEN
data/7_jackson_42.wav,jackson,SEVEN
data/7_jackson_43.wav,jackson,SEVEN
data/7_jackson_44.wav,jackson,SEVEN
data/7_jackson_45.wav,jackson,SEVEN
data/7_jackson_46.wav,jackson,SEVEN
data/7_jackson_47.wav,jackson,SEVEN
data/7_jackson_48.wav,jackson,SEVEN
data/7_jackson_49.wav,jackson,SEVEN
data/7_jackson_4.wav,jackson,SEVEN
data/7_jackson_5.wav,jackson,SEVEN
data/7_jackson_6.wav,jackson,SEVEN
data/7_jackson_7.wav,jackson,SEVEN
data/7_jackson_8.wav,jackson,SEVEN
data/7_jackson_9.wav,jackson,SEVEN
data/8_jackson_0.wav,jackson,EIGHT
data/8_jackson_10.wav,jackson,EIGHT
data/8_jackson_11.wav,jackson,EIGHT
data/8_jackson_12.wav,jackson,EIGHT
data/8_jackson_13.wav,jackson,EIGHT
data/8_jackson_14.wav,jackson,EIGHT
data/8_jackson_15.wav,jackson,EIGHT
data/8_jackson_16.wav,jackson,EIGHT
data/8_jackson_17.wav,jackson,EIGHT
data/8_jackson_18.wav,jackson,EIGHT
data/8_jackson_19.wav,jackson,EIGHT
data/8_jackson_1.wav,jackson,EIGHT
data/8_jackson_20.wav,jackson,EIGHT
data/8_jackson_21.wav,jackson,EIGHT
data/8_jackson_22.wav,jackson,EIGHT
data/8_jackson_23.wav,jackson,EIGHT
data/8_jackson_24.wav,jackson,EIGHT
data/8_jackson_25.wav,jackson,EIGHT
data/8_jackson_26.wav,jackson,EIGHT
data/8_jackson_27.wav,jackson,EIGHT
data/8_jackson_28.wav,jackson,EIGHT
data/8_jackson_29.wav,jackson,EIGHT
data/8_jackson_2.wav,jackson,EIGHT
data/8_jackson_30.wav,jackson,EIGHT
data/8_jackson_31.wav,jackson,EIGHT
data/8_jackson_32.wav,jackson,EIGHT
data/8_jackson_33.wav,jackson,EIGHT
data/8_jackson_34.wav,jackson,EIGHT
data/8_jackson_35.wav,jackson,EIGHT
data/8_jackson_36.wav,jackson,EIGHT
data/8_jackson_37.wav,jackson,EIGHT
data/8_jackson_38.wav,jackson,EIGHT
data/8_jackson_39.wav,jackson,EIGHT
data/8_jackson_3.wav,jackson,EIGHT
data/8_jackson_40.wav,jackson,EIGHT
data/8_jackson_41.wav,jackson,EIGHT
data/8_jackson_42.wav,jackson,EIGHT
data/8_jackson_43.wav,jackson,EIGHT
data/8_jackson_44.wav,jackson,EIGHT
data/8_jackson_45.wav,jackson,EIGHT
data/8_jackson_46.wav,jackson,EIGHT
data/8_jackson_47.wav,jackson,EIGHT
data/8_jackson_48.wav,jackson,EIGHT
data/8_jackson_49.wav,jackson,EIGHT
data/8_jackson_4.wav,jackson,EIGHT
data/8_jackson_5.wav,jackson,EIGHT
data/8_jackson_6.wav,jackson,EIGHT
data/8_jackson_7.wav,jackson,EIGHT
data/8_jackson_8.wav,jackson,EIGHT
data/8_jackson_9.wav,jackson,EIGHT
data/9_jackson_0.wav,jackson,NINE
data/9_jackson_10.wav,jackson,NINE
data/9_jackson_11.wav,jackson,NINE
data/9_jackson_12.wav,jackson,NINE
data/9_jackson_13.wav,jackson,NINE
data/9_jackson_14.wav,jackson,NINE
data/9_jackson_15.wav,jackson,NINE
data/9_jackson_16.wav,jackson,NINE
data/9_jackson_17.wav,jackson,NINE
data/9_jackson_18.wav,jackson,NINE
data/9_jackson_19.wav,jackson,NINE
data/9_jackson_1.wav,jackson,NINE
data/9_jackson_20.wav,jackson,NINE
data/9_jackson_21.wav,jackson,NINE
data/9_jackson_22.wav,jackson,NINE
data/9_jackson_23.wav,jackson,NINE
data/9_jackson_24.wav,jackson,NINE
data/9_jackson_25.wav,jackson,NINE
data/9_jackson_26.wav,jackson,NINE
data/9_jackson_27.wav,jackson,NINE
data/9_jackson_28.wav,jackson,NINE
data/9_jackson_29.wav,jackson,NINE
data/9_jackson_2.wav,jackson,NINE
data/9_jackson_30.wav,jackson,NINE
data/9_jackson_31.wav,jackson,NINE
data/9_jackson_32.wav,jackson,NINE
data/9_jackson_33.wav,jackson,NINE
data/9_jackson_34.wav,jackson,NINE
data/9_jackson_35.wav,jackson,NINE
data/9_jackson_36.wav,jackson,NINE
data/9_jackson_37.wav,jackson,NINE
data/9_jackson_38.wav,jackson,NINE
data/9_jackson_39.wav,jackson,NINE
data/9_jackson_3.wav,jackson,NINE
data/9_jackson_40.wav,jackson,NINE
data/9_jackson_41.wav,jackson,NINE
data/9_jackson_42.wav,jackson,NINE
data/9_jackson_43.wav,jackson,NINE
data/9_jackson_44.wav,jackson,NINE
data/9_jackson_45.wav,jackson,NINE
data/9_jackson_46.wav,jackson,NINE
data/9_jackson_47.wav,jackson,NINE
data/9_jackson_48.wav,jackson,NINE
data/9_jackson_49.wav,jackson,NINE
data/9_jackson_4.wav,jackson,NINE
data/9_jackson_5.wav,jackson,NINE
data/9_jackson_6.wav,jackson,NINE
data/9_jackson_7.wav,jackson,NINE
data/9_jackson_8.wav,jackson,NINE
data/9_jackson_9.wav,jackson,NINE
data/0_lucas_0.wav,lucas,ZERO
data/0_lucas_10.wav,lucas,ZERO
data/0_lucas_11.wav,lucas,ZERO
data/0_lucas_12.wav,lucas,ZERO
data/0_lucas_13.wav,lucas,ZERO
data/0_lucas_14.wav,lucas,ZERO
data/0_lucas_15.wav,lucas,ZERO
data/0_lucas_16.wav,lucas,ZERO
data/0_lucas_17.wav,lucas,ZERO
data/0_lucas_18.wav,lucas,ZERO
data/0_lucas_19.wav,lucas,ZERO
data/0_lucas_1.wav,lucas,ZERO
data/0_lucas_20.wav,lucas,ZERO
data/0_lucas_21.wav,lucas,ZERO
data/0_lucas_22.wav,lucas,ZERO
data/0_lucas_23.wav,lucas,ZERO
data/0_lucas_24.wav,lucas,ZERO
data/0_lucas_25.wav,lucas,ZERO
data/0_lucas_26.wav,lucas,ZERO
data/0_lucas_27.wav,lucas,ZERO
data/0_lucas_28.wav,lucas,ZERO
data/0_lucas_29.wav,lucas,ZERO
data/0_lucas_2.wav,lucas,ZERO
data/0_lucas_30.wav,lucas,ZERO
data/0_lucas_31.wav,lucas,ZERO
data/0_lucas_32.wav,lucas,ZERO
data/0_lucas_33.wav,lucas,ZERO
data/0_lucas_34.wav,lucas,ZERO
data/0_lucas_35.wav,lucas,ZERO
data/0_lucas_36.wav,lucas,ZERO
data/0_lucas_37.wav,lucas,ZERO
data/0_lucas_38.wav,lucas,ZERO
data/0_lucas_39.wav,lucas,ZERO
data/0_lucas_3.wav,lucas,ZERO
data/0_lucas_40.wav,lucas,ZERO
data/0_lucas_41.wav,lucas,ZERO
data/0_lucas_42.wav,lucas,ZERO
data/0_lucas_43.wav,lucas,ZERO
data/0_lucas_44.wav,lucas,ZERO
data/0_lucas_45.wav,lucas,ZERO
data/0_lucas_46.wav,lucas,ZERO
data/0_lucas_47.wav,lucas,ZERO
data/0_lucas_48.wav,lucas,ZERO
data/0_lucas_49.wav,lucas,ZERO
data/0_lucas_4.wav,lucas,ZERO
data/0_lucas_5.wav,lucas,ZERO
data/0_lucas_6.wav,lucas,ZERO
data/0_lucas_7.wav,lucas,ZERO
data/0_lucas_8.wav,lucas,ZERO
data/0_lucas_9.wav,lucas,ZERO
data/1_lucas_0.wav,lucas,ONE
data/1_lucas_10.wav,lucas,ONE
data/1_lucas_11.wav,lucas,ONE
data/1_lucas_12.wav,lucas,ONE
data/1_lucas_13.wav,lucas,ONE
data/1_lucas_14.wav,lucas,ONE
data/1_lucas_15.wav,lucas,ONE
data/1_lucas_16.wav,lucas,ONE
data/1_lucas_17.wav,lucas,ONE
data/1_lucas_18.wav,lucas,ONE
data/1_lucas_19.wav,lucas,ONE
data/1_lucas_1.wav,lucas,ONE
data/1_lucas_20.wav,lucas,ONE
data/1_lucas_21.wav,lucas,ONE
data/1_lucas_22.wav,lucas,ONE
data/1_lucas_23.wav,lucas,ONE
data/1_lucas_24.wav,lucas,ONE
data/1_lucas_25.wav,lucas,ONE
data/1_lucas_26.wav,lucas,ONE
data/1_lucas_27.wav,lucas,ONE
data/1_lucas_28.wav,lucas,ONE
data/1_lucas_29.wav,lucas,ONE
data/1_lucas_2.wav,lucas,ONE
data/1_lucas_30.wav,lucas,ONE
data/1_lucas_31.wav,lucas,ONE
data/1_lucas_32.wav,lucas,ONE
data/1_lucas_33.wav,lucas,ONE
data/1_lucas_34.wav,lucas,ONE
data/1_lucas_35.wav,lucas,ONE
data/1_lucas_36.wav,lucas,ONE
data/1_lucas_37.wav,lucas,ONE
data/1_lucas_38.wav,lucas,ONE
data/1_lucas_39.wav,lucas,ONE
data/1_lucas_3.wav,lucas,ONE
data/1_lucas_40.wav,lucas,ONE
data/1_lucas_41.wav,lucas,ONE
data/1_lucas_42.wav,lucas,ONE
data/1_lucas_43.wav,lucas,ONE
data/1_lucas_44.wav,lucas,ONE
data/1_lucas_45.wav,lucas,ONE
data/1_lucas_46.wav,lucas,ONE
data/1_lucas_47.wav,lucas,ONE
data/1_lucas_48.wav,lucas,ONE
data/1_lucas_49.wav,lucas,ONE
data/1_lucas_4.wav,lucas,ONE
data/1_lucas_5.wav,lucas,ONE
data/1_lucas_6.wav,lucas,ONE
data/1_lucas_7.wav,lucas,ONE
data/1_lucas_8.wav,lucas,ONE
data/1_lucas_9.wav,lucas,ONE
data/2_lucas_0.wav,lucas,TWO
data/2_lucas_10.wav,lucas,TWO
data/2_lucas_11.wav,lucas,TWO
data/2_lucas_12.wav,lucas,TWO
data/2_lucas_13.wav,lucas,TWO
data/2_lucas_14.wav,lucas,TWO
data/2_lucas_15.wav,lucas,TWO
data/2_lucas_16.wav,lucas,TWO
data/2_lucas_17.wav,lucas,TWO
data/2_lucas_18.wav,lucas,TWO
data/2_lucas_19.wav,lucas,TWO
data/2_lucas_1.wav,lucas,TWO
data/2_lucas_20.wav,lucas,TWO
data/2_lucas_21.wav,lucas,TWO
data/2_lucas_22.wav,lucas,TWO
data/2_lucas_23.wav,lucas,TWO
data/2_lucas_24.wav,lucas,TWO
data/2_lucas_25.wav,lucas,TWO
data/2_lucas_26.wav,lucas,TWO
data/2_lucas_27.wav,lucas,TWO
data/2_lucas_28.wav,lucas,TWO
data/2_lucas_29.wav,lucas,TWO
data/2_lucas_2.wav,lucas,TWO
data/2_lucas_30.wav,lucas,TWO
data/2_lucas_31.wav,lucas,TWO
data/2_lucas_32.wav,lucas,TWO
data/2_lucas_33.wav,lucas,TWO
data/2_lucas_34.wav,lucas,TWO
data/2_lucas_35.wav,lucas,TWO
data/2_lucas_36.wav,lucas,TWO
data/2_lucas_37.wav,lucas,TWO
data/2_lucas_38.wav,lucas,TWO
data/2_lucas_39.wav,lucas,TWO
data/2_lucas_3.wav,lucas,TWO
data/2_lucas_40.wav,lucas,TWO
data/2_lucas_41.wav,lucas,TWO
data/2_lucas_42.wav,lucas,TWO
data/2_lucas_43.wav,lucas,TWO
data/2_lucas_44.wav,lucas,TWO
data/2_lucas_45.wav,lucas,TWO
data/2_lucas_46.wav,lucas,TWO
data/2_lucas_47.wav,lucas,TWO
data/2_lucas_48.wav,lucas,TWO
data/2_lucas_49.wav,lucas,TWO
data/2_lucas_4.wav,lucas,TWO
data/2_lucas_5.wav,lucas,TWO
data/2_lucas_6.wav,lucas,TWO
data/2_lucas_7.wav,lucas,TWO
data/2_lucas_8.wav,lucas,TWO
data/2_lucas_9.wav,lucas,TWO
data/3_lucas_0.wav,lucas,THREE
data/3_lucas_10.wav,lucas,THREE
data/3_lucas_11.wav,lucas,THREE
data/3_lucas_12.wav,lucas,THREE
data/3_lucas_13.wav,lucas,THREE
data/3_lucas_14.wav,lucas,THREE
data/3_lucas_15.wav,lucas,THREE
data/3_lucas_16.wav,lucas,THREE
data/3_lucas_17.wav,lucas,THREE
data/3_lucas_18.wav,lucas,THREE
data/3_lucas_19.wav,lucas,THREE
data/3_lucas_1.wav,lucas,THREE
data/3_lucas_20.wav,lucas,THREE
data/3_lucas_21.wav,lucas,THREE
data/3_lucas_22.wav,lucas,THREE
data/3_lucas_23.wav,lucas,THREE
data/3_lucas_24.wav,lucas,THREE
data/3_lucas_25.wav,lucas,THREE
data/3_lucas_26.wav,lucas,THREE
data/3_lucas_27.wav,lucas,THREE
data/3_lucas_28.wav,lucas,THREE
data/3_lucas_29.wav,lucas,THREE
data/3_lucas_2.wav,lucas,THREE
data/3_lucas_30.wav,lucas,THREE
data/3_lucas_31.wav,lucas,THREE
data/3_lucas_32.wav,lucas,THREE
data/3_lucas_33.wav,lucas,THREE
data/3_lucas_34.wav,lucas,THREE
data/3_lucas_35.wav,lucas,THREE
data/3_lucas_36.wav,lucas,THREE
data/3_lucas_37.wav,lucas,THREE
data/3_lucas_38.wav,lucas,THREE
data/3_lucas_39.wav,lucas,THREE
data/3_lucas_3.wav,lucas,THREE
data/3_lucas_40.wav,lucas,THREE
data/3_lucas_41.wav,lucas,THREE
data/3_lucas_42.wav,lucas,THREE
data/3_lucas_43.wav,lucas,THREE
data/3_lucas_44.wav,lucas,THREE
data/3_lucas_45.wav,lucas,THREE
data/3_lucas_46.wav,lucas,THREE
data/3_lucas_47.wav,lucas,THREE
data/3_lucas_48.wav,lucas,THREE
data/3_lucas_49.wav,lucas,THREE
data/3_lucas_4.wav,lucas,THREE
data/3_lucas_5.wav,lucas,THREE
data/3_lucas_6.wav,lucas,THREE
data/3_lucas_7.wav,lucas,THREE
data/3_lucas_8.wav,lucas,THREE
data/3_lucas_9.wav,lucas,THREE
data/4_lucas_0.wav,lucas,FOUR
data/4_lucas_10.wav,lucas,FOUR
data/4_lucas_11.wav,lucas,FOUR
data/4_lucas_12.wav,lucas,FOUR
data/4_lucas_13.wav,lucas,FOUR
data/4_lucas_14.wav,lucas,FOUR
data/4_lucas_15.wav,lucas,FOUR
data/4_lucas_16.wav,lucas,FOUR
data/4_lucas_17.wav,lucas,FOUR
data/4_lucas_18.wav,lucas,FOUR
data/4_lucas_19.wav,lucas,FOUR
data/4_lucas_1.wav,lucas,FOUR
data/4_lucas_20.wav,lucas,FOUR
data/4_lucas_21.wav,lucas,FOUR
data/4_lucas_22.wav,lucas,FOUR
data/4_lucas_23.wav,lucas,FOUR
data/4_lucas_24.wav,lucas,FOUR
data/4_lucas_25.wav,lucas,FOUR
data/4_lucas_26.wav,lucas,FOUR
data/4_lucas_27.wav,lucas,FOUR
data/4_lucas_28.wav,lucas,FOUR
data/4_lucas_29.wav,lucas,FOUR
data/4_lucas_2.wav,lucas,FOUR
data/4_lucas_30.wav,lucas,FOUR
data/4_lucas_31.wav,lucas,FOUR
data/4_lucas_32.wav,lucas,FOUR
data/4_lucas_33.wav,lucas,FOUR
data/4_lucas_34.wav,lucas,FOUR
data/4_lucas_35.wav,lucas,FOUR
data/4_lucas_36.wav,lucas,FOUR
data/4_lucas_37.wav,lucas,FOUR
data/4_lucas_38.wav,lucas,FOUR
data/4_lucas_39.wav,lucas,FOUR
data/4_lucas_3.wav,lucas,FOUR
data/4_lucas_40.wav,lucas,FOUR
data/4_lucas_41.wav,lucas,FOUR
data/4_lucas_42.wav,lucas,FOUR
data/4_lucas_43.wav,lucas,FOUR
data/4_lucas_44.wav,lucas,FOUR
data/4_lucas_45.wav,lucas,FOUR
data/4_lucas_46.wav,lucas,FOUR
data/4_lucas_47.wav,lucas,FOUR
data/4_lucas_48.wav,lucas,FOUR
data/4_lucas_49.wav,lucas,FOUR
data/4_lucas_4.wav,lucas,FOUR
data/4_lucas_5.wav,lucas,FOUR
data/4_lucas_6.wav,lucas,FOUR
data/4_lucas_7.wav,lucas,FOUR
data/4_lucas_8.wav,lucas,FOUR
data/4_lucas_9.wav,lucas,FOUR
data/5_lucas_0.wav,lucas,FIVE
data/5_lucas_10.wav,lucas,FIVE
data/5_lucas_11.wav,lucas,FIVE
data/5_lucas_12.wav,lucas,FIVE
data/5_lucas_13.wav,lucas,FIVE
data/5_lucas_14.wav,lucas,FIVE
data/5_lucas_15.wav,lucas,FIVE
data/5_lucas_16.wav,lucas,FIVE
data/5_lucas_17.wav,lucas,FIVE
data/5_lucas_18.wav,lucas,FIVE
data/5_lucas_19.wav,lucas,FIVE
data/5_lucas_1.wav,lucas,FIVE
data/5_lucas_20.wav,lucas,FIVE
data/5_lucas_21.wav,lucas,FIVE
data/5_lucas_22.wav,lucas,FIVE
data/5_lucas_23.wav,lucas,FIVE
data/5_lucas_24.wav,lucas,FIVE
data/5_lucas_25.wav,lucas,FIVE
data/5_lucas_26.wav,lucas,FIVE
data/5_lucas_27.wav,lucas,FIVE
data/5_lucas_28.wav,lucas,FIVE
data/5_lucas_29.wav,lucas,FIVE
data/5_lucas_2.wav,lucas,FIVE
data/5_lucas_30.wav,lucas,FIVE
data/5_lucas_31.wav,lucas,FIVE
data/5_lucas_32.wav,lucas,FIVE
data/5_lucas_33.wav,lucas,FIVE
data/5_lucas_34.wav,lucas,FIVE
data/5_lucas_35.wav,lucas,FIVE
data/5_lucas_36.wav,lucas,FIVE
data/5_lucas_37.wav,lucas,FIVE
data/5_lucas_38.wav,lucas,FIVE
data/5_lucas_39.wav,lucas,FIVE
data/5_lucas_3.wav,lucas,FIVE
data/5_lucas_40.wav,lucas,FIVE
data/5_lucas_41.wav,lucas,FIVE
data/5_lucas_42.wav,lucas,FIVE
data/5_lucas_43.wav,lucas,FIVE
data/5_lucas_44.wav,lucas,FIVE
data/5_lucas_45.wav,lucas,FIVE
data/5_lucas_46.wav,lucas,FIVE
data/5_lucas_47.wav,lucas,FIVE
data/5_lucas_48.wav,lucas,FIVE
data/5_lucas_49.wav,lucas,FIVE
data/5_lucas_4.wav,lucas,FIVE
data/5_lucas_5.wav,lucas,FIVE
data/5_lucas_6.wav,lucas,FIVE
data/5_lucas_7.wav,lucas,FIVE
data/5_lucas_8.wav,lucas,FIVE
data/5_lucas_9.wav,lucas,FIVE
data/6_lucas_0.wav,lucas,SIX
data/6_lucas_10.wav,lucas,SIX
data/6_lucas_11.wav,lucas,SIX
data/6_lucas_12.wav,lucas,SIX
data/6_lucas_13.wav,lucas,SIX
data/6_lucas_14.wav,lucas,SIX
data/6_lucas_15.wav,lucas,SIX
data/6_lucas_16.wav,lucas,SIX
data/6_lucas_17.wav,lucas,SIX
data/6_lucas_18.wav,lucas,SIX
data/6_lucas_19.wav,lucas,SIX
data/6_lucas_1.wav,lucas,SIX
data/6_lucas_20.wav,lucas,SIX
data/6_lucas_21.wav,lucas,SIX
data/6_lucas_22.wav,lucas,SIX
data/6_lucas_23.wav,lucas,SIX
data/6_lucas_24.wav,lucas,SIX
data/6_lucas_25.wav,lucas,SIX
data/6_lucas_26.wav,lucas,SIX
data/6_lucas_27.wav,lucas,SIX
data/6_lucas_28.wav,lucas,SIX
data/6_lucas_29.wav,lucas,SIX
data/6_lucas_2.wav,lucas,SIX
data/6_lucas_30.wav,lucas,SIX
data/6_lucas_31.wav,lucas,SIX
data/6_lucas_32.wav,lucas,SIX
data/6_lucas_33.wav,lucas,SIX
data/6_lucas_34.wav,lucas,SIX
data/6_lucas_35.wav,lucas,SIX
data/6_lucas_36.wav,lucas,SIX
data/6_lucas_37.wav,lucas,SIX
data/6_lucas_38.wav,lucas,SIX
data/6_lucas_39.wav,lucas,SIX
data/6_lucas_3.wav,lucas,SIX
data/6_lucas_40.wav,lucas,SIX
data/6_lucas_41.wav,lucas,SIX
data/6_lucas_42.wav,lucas,SIX
data/6_lucas_43.wav,lucas,SIX
data/6_lucas_44.wav,lucas,SIX
data/6_lucas_45.wav,lucas,SIX
data/6_lucas_46.wav,lucas,SIX
data/6_lucas_47.wav,lucas,SIX
data/6_lucas_48.wav,lucas,SIX
data/6_lucas_49.wav,lucas,SIX
data/6_lucas_4.wav,lucas,SIX
data/6_lucas_5.wav,lucas,SIX
data/6_lucas_6.wav,lucas,SIX
data/6_lucas_7.wav,lucas,SIX
data/6_lucas_8.wav,lucas,SIX
data/6_lucas_9.wav,lucas,SIX
data/7_lucas_0.wav,lucas,SEVEN
data/7_lucas_10.wav,lucas,SEVEN
data/7_lucas_11.wav,lucas,SEVEN
data/7_lucas_12.wav,lucas,SEVEN
data/7_lucas_13.wav,lucas,SEVEN
data/7_lucas_14.wav,lucas,SEVEN
data/7_lucas_15.wav,lucas,SEVEN
data/7_lucas_16.wav,lucas,SEVEN
data/7_lucas_17.wav,lucas,SEVEN
data/7_lucas_18.wav,lucas,SEVEN
data/7_lucas_19.wav,lucas,SEVEN
data/7_lucas_1.wav,lucas,SEVEN
data/7_lucas_20.wav,lucas,SEVEN
data/7_lucas_21.wav,lucas,SEVEN
data/7_lucas_22.wav,lucas,SEVEN
data/7_lucas_23.wav,lucas,SEVEN
data/7_lucas_24.wav,lucas,SEVEN
data/7_lucas_25.wav,lucas,SEVEN
data/7_lucas_26.wav,lucas,SEVEN
data/7_lucas_27.wav,lucas,SEVEN
data/7_lucas_28.wav,lucas,SEVEN
data/7_lucas_29.wav,lucas,SEVEN
data/7_lucas_2.wav,lucas,SEVEN
data/7_lucas_30.wav,lucas,SEVEN
data/7_lucas_31.wav,lucas,SEVEN
data/7_lucas_32.wav,lucas,SEVEN
data/7_lucas_33.wav,lucas,SEVEN
data/7_lucas_34.wav,lucas,SEVEN
data/7_lucas_35.wav,lucas,SEVEN
data/7_lucas_36.wav,lucas,SEVEN
data/7_lucas_37.wav,lucas,SEVEN
data/7_lucas_38.wav,lucas,SEVEN
data/7_lucas_39.wav,lucas,SEVEN
data/7_lucas_3.wav,lucas,SEVEN
data/7_lucas_40.wav,lucas,SEVEN
data/7_lucas_41.wav,lucas,SEVEN
data/7_lucas_42.wav,lucas,SEVEN
data/7_lucas_43.wav,lucas,SEVEN
data/7_lucas_44.wav,lucas,SEVEN
data/7_lucas_45.wav,lucas,SEVEN
data/7_lucas_46.wav,lucas,SEVEN
data/7_lucas_47.wav,lucas,SEVEN
data/7_lucas_48.wav,lucas,SEVEN
data/7_lucas_49.wav,lucas,SEVEN
data/7_lucas_4.wav,lucas,SEVEN
data/7_lucas_5.wav,lucas,SEVEN
data/7_lucas_6.wav,lucas,SEVEN
data/7_lucas_7.wav,lucas,SEVEN
data/7_lucas_8.wav,lucas,SEVEN
data/7_lucas_9.wav,lucas,SEVEN
data/8_lucas_0.wav,lucas,EIGHT
data/8_lucas_10.wav,lucas,EIGHT
data/8_lucas_11.wav,lucas,EIGHT
data/8_lucas_12.wav,lucas,EIGHT
data/8_lucas_13.wav,lucas,EIGHT
data/8_lucas_14.wav,lucas,EIGHT
data/8_lucas_15.wav,lucas,EIGHT
data/8_lucas_16.wav,lucas,EIGHT
data/8_lucas_17.wav,lucas,EIGHT
data/8_lucas_18.wav,lucas,EIGHT
data/8_lucas_19.wav,lucas,EIGHT
data/8_lucas_1.wav,lucas,EIGHT
data/8_lucas_20.wav,lucas,EIGHT
data/8_lucas_21.wav,lucas,EIGHT
data/8_lucas_22.wav,lucas,EIGHT
data/8_lucas_23.wav,lucas,EIGHT
data/8_lucas_24.wav,lucas,EIGHT
data/8_lucas_25.wav,lucas,EIGHT
data/8_lucas_26.wav,lucas,EIGHT
data/8_lucas_27.wav,lucas,EIGHT
data/8_lucas_28.wav,lucas,EIGHT
data/8_lucas_29.wav,lucas,EIGHT
data/8_lucas_2.wav,lucas,EIGHT
data/8_lucas_30.wav,lucas,EIGHT
data/8_lucas_31.wav,lucas,EIGHT
data/8_lucas_32.wav,lucas,EIGHT
data/8_lucas_33.wav,lucas,EIGHT
data/8_lucas_34.wav,lucas,EIGHT
data/8_lucas_35.wav,lucas,EIGHT
data/8_lucas_36.wav,lucas,EIGHT
data/8_lucas_37.wav,lucas,EIGHT
data/8_lucas_38.wav,lucas,EIGHT
data/8_lucas_39.wav,lucas,EIGHT
data/8_lucas_3.wav,lucas,EIGHT
data/8_lucas_40.wav,lucas,EIGHT
data/8_lucas_41.wav,lucas,EIGHT
data/8_lucas_42.wav,lucas,EIGHT
data/8_lucas_43.wav,lucas,EIGHT
data/8_lucas_44.wav,lucas,EIGHT
data/8_lucas_45.wav,lucas,EIGHT
data/8_lucas_46.wav,lucas,EIGHT
data/8_lucas_47.wav,lucas,EIGHT
data/8_lucas_48.wav,lucas,EIGHT
data/8_lucas_49.wav,lucas,EIGHT
data/8_lucas_4.wav,lucas,EIGHT
data/8_lucas_5.wav,lucas,EIGHT
data/8_lucas_6.wav,lucas,EIGHT
data/8_lucas_7.wav,lucas,EIGHT
data/8_lucas_8.wav,lucas,EIGHT
data/8_lucas_9.wav,lucas,EIGHT
data/9_lucas_0.wav,lucas,NINE
data/9_lucas_10.wav,lucas,NINE
data/9_lucas_11.wav,lucas,NINE
data/9_lucas_12.wav,lucas,NINE
data/9_lucas_13.wav,lucas,NINE
data/9_lucas_14.wav,lucas,NINE
data/9_lucas_15.wav,lucas,NINE
data/9_lucas_16.wav,lucas,NINE
data/9_lucas_17.wav,lucas,NINE
data/9_lucas_18.wav,lucas,NINE
data/9_lucas_19.wav,lucas,NINE
data/9_lucas_1.wav,lucas,NINE
data/9_lucas_20.wav,lucas,NINE
data/9_lucas_21.wav,lucas,NINE
data/9_lucas_22.wav,lucas,NINE
data/9_lucas_23.wav,lucas,NINE
data/9_lucas_24.wav,lucas,NINE
data/9_lucas_25.wav,lucas,NINE
data/9_lucas_26.wav,lucas,NINE
data/9_lucas_27.wav,lucas,NINE
data/9_lucas_28.wav,lucas,NINE
data/9_lucas_29.wav,lucas,NINE
data/9_lucas_2.wav,lucas,NINE
data/9_lucas_30.wav,lucas,NINE
data/9_lucas_31.wav,lucas,NINE
data/9_lucas_32.wav,lucas,NINE
data/9_lucas_33.wav,lucas,NINE
data/9_lucas_34.wav,lucas,NINE
data/9_lucas_35.wav,lucas,NINE
data/9_lucas_36.wav,lucas,NINE
data/9_lucas_37.wav,lucas,NINE
data/9_lucas_38.wav,lucas,NINE
data/9_lucas_39.wav,lucas,NINE
data/9_lucas_3.wav,lucas,NINE
data/9_lucas_40.wav,lucas,NINE
data/9_lucas_41.wav,lucas,NINE
data/9_lucas_42.wav,lucas,NINE
data/9_lucas_43.wav,lucas,NINE
data/9_lucas_44.wav,lucas,NINE
data/9_lucas_45.wav,lucas,NINE
data/9_lucas_46.wav,lucas,NINE
data/9_lucas_47.wav,lucas,NINE
data/9_lucas_48.wav,lucas,NINE
data/9_lucas_49.wav,lucas,NINE
data/9_lucas_4.wav,lucas,NINE
data/9_lucas_5.wav,lucas,NINE
data/9_lucas_6.wav,lucas,NINE
data/9_lucas_7.wav,lucas,NINE
data/9_lucas_8.wav,lucas,NINE
data/9_lucas_9.wav,lucas,NINE
data/0_nicolas_0.wav,nicolas,ZERO
data/0_nicolas_10.wav,nicolas,ZERO
data/0_nicolas_11.wav,nicolas,ZERO
data/0_nicolas_12.wav,nicolas,ZERO
data/0_nicolas_13.wav,nicolas,ZERO
data/0_nicolas_14.wav,nicolas,ZERO
data/0_nicolas_15.wav,nicolas,ZERO
data/0_nicolas_16.wav,nicolas,ZERO
data/0_nicolas_17.wav,nicolas,ZERO
data/0_nicolas_18.wav,nicolas,ZERO
data/0_nicolas_19.wav,nicolas,ZERO
data/0_nicolas_1.wav,nicolas,ZERO
data/0_nicolas_20.wav,nicolas,ZERO
data/0_nicolas_21.wav,nicolas,ZERO
data/0_nicolas_22.wav,nicolas,ZERO
data/0_nicolas_23.wav,nicolas,ZERO
data/0_nicolas_24.wav,nicolas,ZERO
data/0_nicolas_25.wav,nicolas,ZERO
data/0_nicolas_26.wav,nicolas,ZERO
data/0_nicolas_27.wav,nicolas,ZERO
data/0_nicolas_28.wav,nicolas,ZERO
data/0_nicolas_29.wav,nicolas,ZERO
data/0_nicolas_2.wav,nicolas,ZERO
data/0_nicolas_30.wav,nicolas,ZERO
data/0_nicolas_31.wav,nicolas,ZERO
data/0_nicolas_32.wav,nicolas,ZERO
data/0_nicolas_33.wav,nicolas,ZERO
data/0_nicolas_34.wav,nicolas,ZERO
data/0_nicolas_35.wav,nicolas,ZERO
data/0_nicolas_36.wav,nicolas,ZERO
data/0_nicolas_37.wav,nicolas,ZERO
data/0_nicolas_38.wav,nicolas,ZERO
data/0_nicolas_39.wav,nicolas,ZERO
data/0_nicolas_3.wav,nicolas,ZERO
data/0_nicolas_40.wav,nicolas,ZERO
data/0_nicolas_41.wav,nicolas,ZERO
data/0_nicolas_42.wav,nicolas,ZERO
data/0_nicolas_43.wav,nicolas,ZERO
data/0_nicolas_44.wav,nicolas,ZERO
data/0_nicolas_45.wav,nicolas,ZERO
data/0_nicolas_46.wav,nicolas,ZERO
data/0_nicolas_47.wav,nicolas,ZERO
data/0_nicolas_48.wav,nicolas,ZERO
data/0_nicolas_49.wav,nicolas,ZERO
data/0_nicolas_4.wav,nicolas,ZERO
data/0_nicolas_5.wav,nicolas,ZERO
data/0_nicolas_6.wav,nicolas,ZERO
data/0_nicolas_7.wav,nicolas,ZERO
data/0_nicolas_8.wav,nicolas,ZERO
data/0_nicolas_9.wav,nicolas,ZERO
data/1_nicolas_0.wav,nicolas,ONE
data/1_nicolas_10.wav,nicolas,ONE
data/1_nicolas_11.wav,nicolas,ONE
data/1_nicolas_12.wav,nicolas,ONE
data/1_nicolas_13.wav,nicolas,ONE
data/1_nicolas_14.wav,nicolas,ONE
data/1_nicolas_15.wav,nicolas,ONE
data/1_nicolas_16.wav,nicolas,ONE
data/1_nicolas_17.wav,nicolas,ONE
data/1_nicolas_18.wav,nicolas,ONE
data/1_nicolas_19.wav,nicolas,ONE
data/1_nicolas_1.wav,nicolas,ONE
data/1_nicolas_20.wav,nicolas,ONE
data/1_nicolas_21.wav,nicolas,ONE
data/1_nicolas_22.wav,nicolas,ONE
data/1_nicolas_23.wav,nicolas,ONE
data/1_nicolas_24.wav,nicolas,ONE
data/1_nicolas_25.wav,nicolas,ONE
data/1_nicolas_26.wav,nicolas,ONE
data/1_nicolas_27.wav,nicolas,ONE
data/1_nicolas_28.wav,nicolas,ONE
data/1_nicolas_29.wav,nicolas,ONE
data/1_nicolas_2.wav,nicolas,ONE
data/1_nicolas_30.wav,nicolas,ONE
data/1_nicolas_31.wav,nicolas,ONE
data/1_nicolas_32.wav,nicolas,ONE
data/1_nicolas_33.wav,nicolas,ONE
data/1_nicolas_34.wav,nicolas,ONE
data/1_nicolas_35.wav,nicolas,ONE
data/1_nicolas_36.wav,nicolas,ONE
data/1_nicolas_37.wav,nicolas,ONE
data/1_nicolas_38.wav,nicolas,ONE
data/1_nicolas_39.wav,nicolas,ONE
data/1_nicolas_3.wav,nicolas,ONE
data/1_nicolas_40.wav,nicolas,ONE
data/1_nicolas_41.wav,nicolas,ONE
data/1_nicolas_42.wav,nicolas,ONE
data/1_nicolas_43.wav,nicolas,ONE
data/1_nicolas_44.wav,nicolas,ONE
data/1_nicolas_45.wav,nicolas,ONE
data/1_nicolas_46.wav,nicolas,ONE
data/1_nicolas_47.wav,nicolas,ONE
data/1_nicolas_48.wav,nicolas,ONE
data/1_nicolas_49.wav,nicolas,ONE
data/1_nicolas_4.wav,nicolas,ONE
data/1_nicolas_5.wav,nicolas,ONE
data/1_nicolas_6.wav,nicolas,ONE
data/1_nicolas_7.wav,nicolas,ONE
data/1_nicolas_8.wav,nicolas,ONE
data/1_nicolas_9.wav,nicolas,ONE
data/2_nicolas_0.wav,nicolas,TWO
data/2_nicolas_10.wav,nicolas,TWO
data/2_nicolas_11.wav,nicolas,TWO
data/2_nicolas_12.wav,nicolas,TWO
data/2_nicolas_13.wav,nicolas,TWO
data/2_nicolas_14.wav,nicolas,TWO
data/2_nicolas_15.wav,nicolas,TWO
data/2_nicolas_16.wav,nicolas,TWO
data/2_nicolas_17.wav,nicolas,TWO
data/2_nicolas_18.wav,nicolas,TWO
data/2_nicolas_19.wav,nicolas,TWO
data/2_nicolas_1.wav,nicolas,TWO
data/2_nicolas_20.wav,nicolas,TWO
data/2_nicolas_21.wav,nicolas,TWO
data/2_nicolas_22.wav,nicolas,TWO
data/2_nicolas_23.wav,nicolas,TWO
data/2_nicolas_24.wav,nicolas,TWO
data/2_nicolas_25.wav,nicolas,TWO
data/2_nicolas_26.wav,nicolas,TWO
data/2_nicolas_27.wav,nicolas,TWO
data/2_nicolas_28.wav,nicolas,TWO
data/2_nicolas_29.wav,nicolas,TWO
data/2_nicolas_2.wav,nicolas,TWO
data/2_nicolas_30.wav,nicolas,TWO
data/2_nicolas_31.wav,nicolas,TWO
data/2_nicolas_32.wav,nicolas,TWO
data/2_nicolas_33.wav,nicolas,TWO
data/2_nicolas_34.wav,nicolas,TWO
data/2_nicolas_35.wav,nicolas,TWO
data/2_nicolas_36.wav,nicolas,TWO
data/2_nicolas_37.wav,nicolas,TWO
data/2_nicolas_38.wav,nicolas,TWO
data/2_nicolas_39.wav,nicolas,TWO
data/2_nicolas_3.wav,nicolas,TWO
data/2_nicolas_40.wav,nicolas,TWO
data/2_nicolas_41.wav,nicolas,TWO
data/2_nicolas_42.wav,nicolas,TWO
data/2_nicolas_43.wav,nicolas,TWO
data/2_nicolas_44.wav,nicolas,TWO
data/2_nicolas_45.wav,nicolas,TWO
data/2_nicolas_46.wav,nicolas,TWO
data/2_nicolas_47.wav,nicolas,TWO
data/2_nicolas_48.wav,nicolas,TWO
data/2_nicolas_49.wav,nicolas,TWO
data/2_nicolas_4.wav,nicolas,TWO
data/2_nicolas_5.wav,nicolas,TWO
data/2_nicolas_6.wav,nicolas,TWO
data/2_nicolas_7.wav,nicolas,TWO
data/2_nicolas_8.wav,nicolas,TWO
data/2_nicolas_9.wav,nicolas,TWO
data/3_nicolas_0.wav,nicolas,THREE
data/3_nicolas_10.wav,nicolas,THREE
data/3_nicolas_11.wav,nicolas,THREE
data/3_nicolas_12.wav,nicolas,THREE
data/3_nicolas_13.wav,nicolas,THREE
data/3_nicolas_14.wav,nicolas,THREE
data/3_nicolas_15.wav,nicolas,THREE
data/3_nicolas_16.wav,nicolas,THREE
data/3_nicolas_17.wav,nicolas,THREE
data/3_nicolas_18.wav,nicolas,THREE
data/3_nicolas_19.wav,nicolas,THREE
data/3_nicolas_1.wav,nicolas,THREE
data/3_nicolas_20.wav,nicolas,THREE
data/3_nicolas_21.wav,nicolas,THREE
data/3_nicolas_22.wav,nicolas,THREE
data/3_nicolas_23.wav,nicolas,THREE
data/3_nicolas_24.wav,nicolas,THREE
data/3_nicolas_25.wav,nicolas,THREE
data/3_nicolas_26.wav,nicolas,THREE
data/3_nicolas_27.wav,nicolas,THREE
data/3_nicolas_28.wav,nicolas,THREE
data/3_nicolas_29.wav,nicolas,THREE
data/3_nicolas_2.wav,nicolas,THREE
data/3_nicolas_30.wav,nicolas,THREE
data/3_nicolas_31.wav,nicolas,THREE
data/3_nicolas_32.wav,nicolas,THREE
data/3_nicolas_33.wav,nicolas,THREE
data/3_nicolas_34.wav,nicolas,THREE
data/3_nicolas_35.wav,nicolas,THREE
data/3_nicolas_36.wav,nicolas,THREE
data/3_nicolas_37.wav,nicolas,THREE
data/3_nicolas_38.wav,nicolas,THREE
data/3_nicolas_39.wav,nicolas,THREE
data/3_nicolas_3.wav,nicolas,THREE
data/3_nicolas_40.wav,nicolas,THREE
data/3_nicolas_41.wav,nicolas,THREE
data/3_nicolas_42.wav,nicolas,THREE
data/3_nicolas_43.wav,nicolas,THREE
data/3_nicolas_44.wav,nicolas,THREE
data/3_nicolas_45.wav,nicolas,THREE
data/3_nicolas_46.wav,nicolas,THREE
data/3_nicolas_47.wav,nicolas,THREE
data/3_nicolas_48.wav,nicolas,THREE
data/3_nicolas_49.wav,nicolas,THREE
data/3_nicolas_4.wav,nicolas,THREE
data/3_nicolas_5.wav,nicolas,THREE
data/3_nicolas_6.wav,nicolas,THREE
data/3_nicolas_7.wav,nicolas,THREE
data/3_nicolas_8.wav,nicolas,THREE
data/3_nicolas_9.wav,nicolas,THREE
data/4_nicolas_0.wav,nicolas,FOUR
data/4_nicolas_10.wav,nicolas,FOUR
data/4_nicolas_11.wav,nicolas,FOUR
data/4_nicolas_12.wav,nicolas,FOUR
data/4_nicolas_13.wav,nicolas,FOUR
data/4_nicolas_14.wav,nicolas,FOUR
data/4_nicolas_15.wav,nicolas,FOUR
data/4_nicolas_16.wav,nicolas,FOUR
data/4_nicolas_17.wav,nicolas,FOUR
data/4_nicolas_18.wav,nicolas,FOUR
data/4_nicolas_19.wav,nicolas,FOUR
data/4_nicolas_1.wav,nicolas,FOUR
data/4_nicolas_20.wav,nicolas,FOUR
data/4_nicolas_21.wav,nicolas,FOUR
data/4_nicolas_22.wav,nicolas,FOUR
data/4_nicolas_23.wav,nicolas,FOUR
data/4_nicolas_24.wav,nicolas,FOUR
data/4_nicolas_25.wav,nicolas,FOUR
data/4_nicolas_26.wav,nicolas,FOUR
data/4_nicolas_27.wav,nicolas,FOUR
data/4_nicolas_28.wav,nicolas,FOUR
data/4_nicolas_29.wav,nicolas,FOUR
data/4_nicolas_2.wav,nicolas,FOUR
data/4_nicolas_30.wav,nicolas,FOUR
data/4_nicolas_31.wav,nicolas,FOUR
data/4_nicolas_32.wav,nicolas,FOUR
data/4_nicolas_33.wav,nicolas,FOUR
data/4_nicolas_34.wav,nicolas,FOUR
data/4_nicolas_35.wav,nicolas,FOUR
data/4_nicolas_36.wav,nicolas,FOUR
data/4_nicolas_37.wav,nicolas,FOUR
data/4_nicolas_38.wav,nicolas,FOUR
data/4_nicolas_39.wav,nicolas,FOUR
data/4_nicolas_3.wav,nicolas,FOUR
data/4_nicolas_40.wav,nicolas,FOUR
data/4_nicolas_41.wav,nicolas,FOUR
data/4_nicolas_42.wav,nicolas,FOUR
data/4_nicolas_43.wav,nicolas,FOUR
data/4_nicolas_44.wav,nicolas,FOUR
data/4_nicolas_45.wav,nicolas,FOUR
data/4_nicolas_46.wav,nicolas,FOUR
data/4_nicolas_47.wav,nicolas,FOUR
data/4_nicolas_48.wav,nicolas,FOUR
data/4_nicolas_49.wav,nicolas,FOUR
data/4_nicolas_4.wav,nicolas,FOUR
data/4_nicolas_5.wav,nicolas,FOUR
data/4_nicolas_6.wav,nicolas,FOUR
data/4_nicolas_7.wav,nicolas,FOUR
data/4_nicolas_8.wav,nicolas,FOUR
data/4_nicolas_9.wav,nicolas,FOUR
data/5_nicolas_0.wav,nicolas,FIVE
data/5_nicolas_10.wav,nicolas,FIVE
data/5_nicolas_11.wav,nicolas,FIVE
data/5_nicolas_12.wav,nicolas,FIVE
data/5_nicolas_13.wav,nicolas,FIVE
data/5_nicolas_14.wav,nicolas,FIVE
data/5_nicolas_15.wav,nicolas,FIVE
data/5_nicolas_16.wav,nicolas,FIVE
data/5_nicolas_17.wav,nicolas,FIVE
data/5_nicolas_18.wav,nicolas,FIVE
data/5_nicolas_19.wav,nicolas,FIVE
data/5_nicolas_1.wav,nicolas,FIVE
data/5_nicolas_20.wav,nicolas,FIVE
data/5_nicolas_21.wav,nicolas,FIVE
data/5_nicolas_22.wav,nicolas,FIVE
data/5_nicolas_23.wav,nicolas,FIVE
data/5_nicolas_24.wav,nicolas,FIVE
data/5_nicolas_25.wav,nicolas,FIVE
data/5_nicolas_26.wav,nicolas,FIVE
data/5_nicolas_27.wav,nicolas,FIVE
data/5_nicolas_28.wav,nicolas,FIVE
data/5_nicolas_29.wav,nicolas,FIVE
data/5_nicolas_2.wav,nicolas,FIVE
data/5_nicolas_30.wav,nicolas,FIVE
data/5_nicolas_31.wav,nicolas,FIVE
data/5_nicolas_32.wav,nicolas,FIVE
data/5_nicolas_33.wav,nicolas,FIVE
data/5_nicolas_34.wav,nicolas,FIVE
data/5_nicolas_35.wav,nicolas,FIVE
data/5_nicolas_36.wav,nicolas,FIVE
data/5_nicolas_37.wav,nicolas,FIVE
data/5_nicolas_38.wav,nicolas,FIVE
data/5_nicolas_39.wav,nicolas,FIVE
data/5_nicolas_3.wav,nicolas,FIVE
data/5_nicolas_40.wav,nicolas,FIVE
data/5_nicolas_41.wav,nicolas,FIVE
data/5_nicolas_42.wav,nicolas,FIVE
data/5_nicolas_43.wav,nicolas,FIVE
data/5_nicolas_44.wav,nicolas,FIVE
data/5_nicolas_45.wav,nicolas,FIVE
data/5_nicolas_46.wav,nicolas,FIVE
data/5_nicolas_47.wav,nicolas,FIVE
data/5_nicolas_48.wav,nicolas,FIVE
data/5_nicolas_49.wav,nicolas,FIVE
data/5_nicolas_4.wav,nicolas,FIVE
data/5_nicolas_5.wav,nicolas,FIVE
data/5_nicolas_6.wav,nicolas,FIVE
data/5_nicolas_7.wav,nicolas,FIVE
data/5_nicolas_8.wav,nicolas,FIVE
data/5_nicolas_9.wav,nicolas,FIVE
data/6_nicolas_0.wav,nicolas,SIX
data/6_nicolas_10.wav,nicolas,SIX
data/6_nicolas_11.wav,nicolas,SIX
data/6_nicolas_12.wav,nicolas,SIX
data/6_nicolas_13.wav,nicolas,SIX
data/6_nicolas_14.wav,nicolas,SIX
data/6_nicolas_15.wav,nicolas,SIX
data/6_nicolas_16.wav,nicolas,SIX
data/6_nicolas_17.wav,nicolas,SIX
data/6_nicolas_18.wav,nicolas,SIX
data/6_nicolas_19.wav,nicolas,SIX
data/6_nicolas_1.wav,nicolas,SIX
data/6_nicolas_20.wav,nicolas,SIX
data/6_nicolas_21.wav,nicolas,SIX
data/6_nicolas_22.wav,nicolas,SIX
data/6_nicolas_23.wav,nicolas,SIX
data/6_nicolas_24.wav,nicolas,SIX
data/6_nicolas_25.wav,nicolas,SIX
data/6_nicolas_26.wav,nicolas,SIX
data/6_nicolas_27.wav,nicolas,SIX
data/6_nicolas_28.wav,nicolas,SIX
data/6_nicolas_29.wav,nicolas,SIX
data/6_nicolas_2.wav,nicolas,SIX
data/6_nicolas_30.wav,nicolas,SIX
data/6_nicolas_31.wav,nicolas,SIX
data/6_nicolas_32.wav,nicolas,SIX
data/6_nicolas_33.wav,nicolas,SIX
data/6_nicolas_34.wav,nicolas,SIX
data/6_nicolas_35.wav,nicolas,SIX
data/6_nicolas_36.wav,nicolas,SIX
data/6_nicolas_37.wav,nicolas,SIX
data/6_nicolas_38.wav,nicolas,SIX
data/6_nicolas_39.wav,nicolas,SIX
data/6_nicolas_3.wav,nicolas,SIX
data/6_nicolas_40.wav,nicolas,SIX
data/6_nicolas_41.wav,nicolas,SIX
data/6_nicolas_42.wav,nicolas,SIX
data/6_nicolas_43.wav,nicolas,SIX
data/6_nicolas_44.wav,nicolas,SIX
data/6_nicolas_45.wav,nicolas,SIX
data/6_nicolas_46.wav,nicolas,SIX
data/6_nicolas_47.wav,nicolas,SIX
data/6_nicolas_48.wav,nicolas,SIX
data/6_nicolas_49.wav,nicolas,SIX
data/6_nicolas_4.wav,nicolas,SIX
data/6_nicolas_5.wav,nicolas,SIX
data/6_nicolas_6.wav,nicolas,SIX
data/6_nicolas_7.wav,nicolas,SIX
data/6_nicolas_8.wav,nicolas,SIX
data/6_nicolas_9.wav,nicolas,SIX
data/7_nicolas_0.wav,nicolas,SEVEN
data/7_nicolas_10.wav,nicolas,SEVEN
data/7_nicolas_11.wav,nicolas,SEVEN
data/7_nicolas_12.wav,nicolas,SEVEN
data/7_nicolas_13.wav,nicolas,SEVEN
data/7_nicolas_14.wav,nicolas,SEVEN
data/7_nicolas_15.wav,nicolas,SEVEN
data/7_nicolas_16.wav,nicolas,SEVEN
data/7_nicolas_17.wav,nicolas,SEVEN
data/7_nicolas_18.wav,nicolas,SEVEN
data/7_nicolas_19.wav,nicolas,SEVEN
data/7_nicolas_1.wav,nicolas,SEVEN
data/7_nicolas_20.wav,nicolas,SEVEN
data/7_nicolas_21.wav,nicolas,SEVEN
data/7_nicolas_22.wav,nicolas,SEVEN
data/7_nicolas_23.wav,nicolas,SEVEN
data/7_nicolas_24.wav,nicolas,SEVEN
data/7_nicolas_25.wav,nicolas,SEVEN
data/7_nicolas_26.wav,nicolas,SEVEN
data/7_nicolas_27.wav,nicolas,SEVEN
data/7_nicolas_28.wav,nicolas,SEVEN
data/7_nicolas_29.wav,nicolas,SEVEN
data/7_nicolas_2.wav,nicolas,SEVEN
data/7_nicolas_30.wav,nicolas,SEVEN
data/7_nicolas_31.wav,nicolas,SEVEN
data/7_nicolas_32.wav,nicolas,SEVEN
data/7_nicolas_33.wav,nicolas,SEVEN
data/7_nicolas_34.wav,nicolas,SEVEN
data/7_nicolas_35.wav,nicolas,SEVEN
data/7_nicolas_36.wav,nicolas,SEVEN
data/7_nicolas_37.wav,nicolas,SEVEN
data/7_nicolas_38.wav,nicolas,SEVEN
data/7_nicolas_39.wav,nicolas,SEVEN
data/7_nicolas_3.wav,nicolas,SEVEN
data/7_nicolas_40.wav,nicolas,SEVEN
data/7_nicolas_41.wav,nicolas,SEVEN
data/7_nicolas_42.wav,nicolas,SEVEN
data/7_nicolas_43.wav,nicolas,SEVEN
data/7_nicolas_44.wav,nicolas,SEVEN
data/7_nicolas_45.wav,nicolas,SEVEN
data/7_nicolas_46.wav,nicolas,SEVEN
data/7_nicolas_47.wav,nicolas,SEVEN
data/7_nicolas_48.wav,nicolas,SEVEN
data/7_nicolas_49.wav,nicolas,SEVEN
data/7_nicolas_4.wav,nicolas,SEVEN
data/7_nicolas_5.wav,nicolas,SEVEN
data/7_nicolas_6.wav,nicolas,SEVEN
data/7_nicolas_7.wav,nicolas,SEVEN
data/7_nicolas_8.wav,nicolas,SEVEN
data/7_nicolas_9.wav,nicolas,SEVEN
data/8_nicolas_0.wav,nicolas,EIGHT
data/8_nicolas_10.wav,nicolas,EIGHT
data/8_nicolas_11.wav,nicolas,EIGHT
data/8_nicolas_12.wav,nicolas,EIGHT
data/8_nicolas_13.wav,nicolas,EIGHT
data/8_nicolas_14.wav,nicolas,EIGHT
data/8_nicolas_15.wav,nicolas,EIGHT
data/8_nicolas_16.wav,nicolas,EIGHT
data/8_nicolas_17.wav,nicolas,EIGHT
data/8_nicolas_18.wav,nicolas,EIGHT
data/8_nicolas_19.wav,nicolas,EIGHT
data/8_nicolas_1.wav,nicolas,EIGHT
data/8_nicolas_20.wav,nicolas,EIGHT
data/8_nicolas_21.wav,nicolas,EIGHT
data/8_nicolas_22.wav,nicolas,EIGHT
data/8_nicolas_23.wav,nicolas,EIGHT
data/8_nicolas_24.wav,nicolas,EIGHT
data/8_nicolas_25.wav,nicolas,EIGHT
data/8_nicolas_26.wav,nicolas,EIGHT
data/8_nicolas_27.wav,nicolas,EIGHT
data/8_nicolas_28.wav,nicolas,EIGHT
data/8_nicolas_29.wav,nicolas,EIGHT
data/8_nicolas_2.wav,nicolas,EIGHT
data/8_nicolas_30.wav,nicolas,EIGHT
data/8_nicolas_31.wav,nicolas,EIGHT
data/8_nicolas_32.wav,nicolas,EIGHT
data/8_nicolas_33.wav,nicolas,EIGHT
data/8_nicolas_34.wav,nicolas,EIGHT
data/8_nicolas_35.wav,nicolas,EIGHT
data/8_nicolas_36.wav,nicolas,EIGHT
data/8_nicolas_37.wav,nicolas,EIGHT
data/8_nicolas_38.wav,nicolas,EIGHT
data/8_nicolas_39.wav,nicolas,EIGHT
data/8_nicolas_3.wav,nicolas,EIGHT
data/8_nicolas_40.wav,nicolas,EIGHT
data/8_nicolas_41.wav,nicolas,EIGHT
data/8_nicolas_42.wav,nicolas,EIGHT
data/8_nicolas_43.wav,nicolas,EIGHT
data/8_nicolas_44.wav,nicolas,EIGHT
data/8_nicolas_45.wav,nicolas,EIGHT
data/8_nicolas_46.wav,nicolas,EIGHT
data/8_nicolas_47.wav,nicolas,EIGHT
data/8_nicolas_48.wav,nicolas,EIGHT
data/8_nicolas_49.wav,nicolas,EIGHT
data/8_nicolas_4.wav,nicolas,EIGHT
data/8_nicolas_5.wav,nicolas,EIGHT
data/8_nicolas_6.wav,nicolas,EIGHT
data/8_nicolas_7.wav,nicolas,EIGHT
data/8_nicolas_8.wav,nicolas,EIGHT
data/8_nicolas_9.wav,nicolas,EIGHT
data/9_nicolas_0.wav,nicolas,NINE
data/9_nicolas_10.wav,nicolas,NINE
data/9_nicolas_11.wav,nicolas,NINE
data/9_nicolas_12.wav,nicolas,NINE
data/9_nicolas_13.wav,nicolas,NINE
data/9_nicolas_14.wav,nicolas,NINE
data/9_nicolas_15.wav,nicolas,NINE
data/9_nicolas_16.wav,nicolas,NINE
data/9_nicolas_17.wav,nicolas,NINE
data/9_nicolas_18.wav,nicolas,NINE
data/9_nicolas_19.wav,nicolas,NINE
data/9_nicolas_1.wav,nicolas,NINE
data/9_nicolas_20.wav,nicolas,NINE
data/9_nicolas_21.wav,nicolas,NINE
data/9_nicolas_22.wav,nicolas,NINE
data/9_nicolas_23.wav,nicolas,NINE
data/9_nicolas_24.wav,nicolas,NINE
data/9_nicolas_25.wav,nicolas,NINE
data/9_nicolas_26.wav,nicolas,NINE
data/9_nicolas_27.wav,nicolas,NINE
data/9_nicolas_28.wav,nicolas,NINE
data/9_nicolas_29.wav,nicolas,NINE
data/9_nicolas_2.wav,nicolas,NINE
data/9_nicolas_30.wav,nicolas,NINE
data/9_nicolas_31.wav,nicolas,NINE
data/9_nicolas_32.wav,nicolas,NINE
data/9_nicolas_33.wav,nicolas,NINE
data/9_nicolas_34.wav,nicolas,NINE
data/9_nicolas_35.wav,nicolas,NINE
data/9_nicolas_36.wav,nicolas,NINE
data/9_nicolas_37.wav,nicolas,NINE
data/9_nicolas_38.wav,nicolas,NINE
data/9_nicolas_39.wav,nicolas,NINE
data/9_nicolas_3.wav,nicolas,NINE
data/9_nicolas_40.wav,nicolas,NINE
data/9_nicolas_41.wav,nicolas,NINE
data/9_nicolas_42.wav,nicolas,NINE
data/9_nicolas_43.wav,nicolas,NINE
data/9_nicolas_44.wav,nicolas,NINE
data/9_nicolas_45.wav,nicolas,NINE
data/9_nicolas_46.wav,nicolas,NINE
data/9_nicolas_47.wav,nicolas,NINE
data/9_nicolas_48.wav,nicolas,NINE
data/9_nicolas_49.wav,nicolas,NINE
data/9_nicolas_4.wav,nicolas,NINE
data/9_nicolas_5.wav,nicolas,NINE
data/9_nicolas_6.wav,nicolas,NINE
data/9_nicolas_7.wav,nicolas,NINE
data/9_nicolas_8.wav,nicolas,NINE
data/9_nicolas_9.wav,nicolas,NINE
data/0_theo_0.wav,theo,ZERO
data/0_theo_10.wav,theo,ZERO
data/0_theo_11.wav,theo,ZERO
data/0_theo_12.wav,theo,ZERO
data/0_theo_13.wav,theo,ZERO
data/0_theo_14.wav,theo,ZERO
data/0_theo_15.wav,theo,ZERO
data/0_theo_16.wav,theo,ZERO
data/0_theo_17.wav,theo,ZERO
data/0_theo_18.wav,theo,ZERO
data/0_theo_19.wav,theo,ZERO
data/0_theo_1.wav,theo,ZERO
data/0_theo_20.wav,theo,ZERO
data/0_theo_21.wav,theo,ZERO
data/0_theo_22.wav,theo,ZERO
data/0_theo_23.wav,theo,ZERO
data/0_theo_24.wav,theo,ZERO
data/0_theo_25.wav,theo,ZERO
data/0_theo_26.wav,theo,ZERO
data/0_theo_27.wav,theo,ZERO
data/0_theo_28.wav,theo,ZERO
data/0_theo_29.wav,theo,ZERO
data/0_theo_2.wav,theo,ZERO
data/0_theo_30.wav,theo,ZERO
data/0_theo_31.wav,theo,ZERO
data/0_theo_32.wav,theo,ZERO
data/0_theo_33.wav,theo,ZERO
data/0_theo_34.wav,theo,ZERO
data/0_theo_35.wav,theo,ZERO
data/0_theo_36.wav,theo,ZERO
data/0_theo_37.wav,theo,ZERO
data/0_theo_38.wav,theo,ZERO
data/0_theo_39.wav,theo,ZERO
data/0_theo_3.wav,theo,ZERO
data/0_theo_40.wav,theo,ZERO
data/0_theo_41.wav,theo,ZERO
data/0_theo_42.wav,theo,ZERO
data/0_theo_43.wav,theo,ZERO
data/0_theo_44.wav,theo,ZERO
data/0_theo_45.wav,theo,ZERO
data/0_theo_46.wav,theo,ZERO
data/0_theo_47.wav,theo,ZERO
data/0_theo_48.wav,theo,ZERO
data/0_theo_49.wav,theo,ZERO
data/0_theo_4.wav,theo,ZERO
data/0_theo_5.wav,theo,ZERO
data/0_theo_6.wav,theo,ZERO
data/0_theo_7.wav,theo,ZERO
data/0_theo_8.wav,theo,ZERO
data/0_theo_9.wav,theo,ZERO
data/1_theo_0.wav,theo,ONE
data/1_theo_10.wav,theo,ONE
data/1_theo_11.wav,theo,ONE
data/1_theo_12.wav,theo,ONE
data/1_theo_13.wav,theo,ONE
data/1_theo_14.wav,theo,ONE
data/1_theo_15.wav,theo,ONE
data/1_theo_16.wav,theo,ONE
data/1_theo_17.wav,theo,ONE
data/1_theo_18.wav,theo,ONE
data/1_theo_19.wav,theo,ONE
data/1_theo_1.wav,theo,ONE
data/1_theo_20.wav,theo,ONE
data/1_theo_21.wav,theo,ONE
data/1_theo_22.wav,theo,ONE
data/1_theo_23.wav,theo,ONE
data/1_theo_24.wav,theo,ONE
data/1_theo_25.wav,theo,ONE
data/1_theo_26.wav,theo,ONE
data/1_theo_27.wav,theo,ONE
data/1_theo_28.wav,theo,ONE
data/1_theo_29.wav,theo,ONE
data/1_theo_2.wav,theo,ONE
data/1_theo_30.wav,theo,ONE
data/1_theo_31.wav,theo,ONE
data/1_theo_32.wav,theo,ONE
data/1_theo_33.wav,theo,ONE
data/1_theo_34.wav,theo,ONE
data/1_theo_35.wav,theo,ONE
data/1_theo_36.wav,theo,ONE
data/1_theo_37.wav,theo,ONE
data/1_theo_38.wav,theo,ONE
data/1_theo_39.wav,theo,ONE
data/1_theo_3.wav,theo,ONE
data/1_theo_40.wav,theo,ONE
data/1_theo_41.wav,theo,ONE
data/1_theo_42.wav,theo,ONE
data/1_theo_43.wav,theo,ONE
data/1_theo_44.wav,theo,ONE
data/1_theo_45.wav,theo,ONE
data/1_theo_46.wav,theo,ONE
data/1_theo_47.wav,theo,ONE
data/1_theo_48.wav,theo,ONE
data/1_theo_49.wav,theo,ONE
data/1_theo_4.wav,theo,ONE
data/1_theo_5.wav,theo,ONE
data/1_theo_6.wav,theo,ONE
data/1_theo_7.wav,theo,ONE
data/1_theo_8.wav,theo,ONE
data/1_theo_9.wav,theo,ONE
data/2_theo_0.wav,theo,TWO
data/2_theo_10.wav,theo,TWO
data/2_theo_11.wav,theo,TWO
data/2_theo_12.wav,theo,TWO
data/2_theo_13.wav,theo,TWO
data/2_theo_14.wav,theo,TWO
data/2_theo_15.wav,theo,TWO
data/2_theo_16.wav,theo,TWO
data/2_theo_17.wav,theo,TWO
data/2_theo_18.wav,theo,TWO
data/2_theo_19.wav,theo,TWO
data/2_theo_1.wav,theo,TWO
data/2_theo_20.wav,theo,TWO
data/2_theo_21.wav,theo,TWO
data/2_theo_22.wav,theo,TWO
data/2_theo_23.wav,theo,TWO
data/2_theo_24.wav,theo,TWO
data/2_theo_25.wav,theo,TWO
data/2_theo_26.wav,theo,TWO
data/2_theo_27.wav,theo,TWO
data/2_theo_28.wav,theo,TWO
data/2_theo_29.wav,theo,TWO
data/2_theo_2.wav,theo,TWO
data/2_theo_30.wav,theo,TWO
data/2_theo_31.wav,theo,TWO
data/2_theo_32.wav,theo,TWO
data/2_theo_33.wav,theo,TWO
data/2_theo_34.wav,theo,TWO
data/2_theo_35.wav,theo,TWO
data/2_theo_36.wav,theo,TWO
data/2_theo_37.wav,theo,TWO
data/2_theo_38.wav,theo,TWO
data/2_theo_39.wav,theo,TWO
data/2_theo_3.wav,theo,TWO
data/2_theo_40.wav,theo,TWO
data/2_theo_41.wav,theo,TWO
data/2_theo_42.wav,theo,TWO
data/2_theo_43.wav,theo,TWO
data/2_theo_44.wav,theo,TWO
data/2_theo_45.wav,theo,TWO
data/2_theo_46.wav,theo,TWO
data/2_theo_47.wav,theo,TWO
data/2_theo_48.wav,theo,TWO
data/2_theo_49.wav,theo,TWO
data/2_theo_4.wav,theo,TWO
data/2_theo_5.wav,theo,TWO
data/2_theo_6.wav,theo,TWO
data/2_theo_7.wav,theo,TWO
data/2_theo_8.wav,theo,TWO
data/2_theo_9.wav,theo,TWO
data/3_theo_0.wav,theo,THREE
data/3_theo_10.wav,theo,THREE
data/3_theo_11.wav,theo,THREE
data/3_theo_12.wav,theo,THREE
data/3_theo_13.wav,theo,THREE
data/3_theo_14.wav,theo,THREE
data/3_theo_15.wav,theo,THREE
data/3_theo_16.wav,theo,THREE
data/3_theo_17.wav,theo,THREE
data/3_theo_18.wav,theo,THREE
data/3_theo_19.wav,theo,THREE
data/3_theo_1.wav,theo,THREE
data/3_theo_20.wav,theo,THREE
data/3_theo_21.wav,theo,THREE
data/3_theo_22.wav,theo,THREE
data/3_theo_23.wav,theo,THREE
data/3_theo_24.wav,theo,THREE
data/3_theo_25.wav,theo,THREE
data/3_theo_26.wav,theo,THREE
data/3_theo_27.wav,theo,THREE
data/3_theo_28.wav,theo,THREE
data/3_theo_29.wav,theo,THREE
data/3_theo_2.wav,theo,THREE
data/3_theo_30.wav,theo,THREE
data/3_theo_31.wav,theo,THREE
data/3_theo_32.wav,theo,THREE
data/3_theo_33.wav,theo,THREE
data/3_theo_34.wav,theo,THREE
data/3_theo_35.wav,theo,THREE
data/3_theo_36.wav,theo,THREE
data/3_theo_37.wav,theo,THREE
data/3_theo_38.wav,theo,THREE
data/3_theo_39.wav,theo,THREE
data/3_theo_3.wav,theo,THREE
data/3_theo_40.wav,theo,THREE
data/3_theo_41.wav,theo,THREE
data/3_theo_42.wav,theo,THREE
data/3_theo_43.wav,theo,THREE
data/3_theo_44.wav,theo,THREE
data/3_theo_45.wav,theo,THREE
data/3_theo_46.wav,theo,THREE
data/3_theo_47.wav,theo,THREE
data/3_theo_48.wav,theo,THREE
data/3_theo_49.wav,theo,THREE
data/3_theo_4.wav,theo,THREE
data/3_theo_5.wav,theo,THREE
data/3_theo_6.wav,theo,THREE
data/3_theo_7.wav,theo,THREE
data/3_theo_8.wav,theo,THREE
data/3_theo_9.wav,theo,THREE
data/4_theo_0.wav,theo,FOUR
data/4_theo_10.wav,theo,FOUR
data/4_theo_11.wav,theo,FOUR
data/4_theo_12.wav,theo,FOUR
data/4_theo_13.wav,theo,FOUR
data/4_theo_14.wav,theo,FOUR
data/4_theo_15.wav,theo,FOUR
data/4_theo_16.wav,theo,FOUR
data/4_theo_17.wav,theo,FOUR
data/4_theo_18.wav,theo,FOUR
data/4_theo_19.wav,theo,FOUR
data/4_theo_1.wav,theo,FOUR
data/4_theo_20.wav,theo,FOUR
data/4_theo_21.wav,theo,FOUR
data/4_theo_22.wav,theo,FOUR
data/4_theo_23.wav,theo,FOUR
data/4_theo_24.wav,theo,FOUR
data/4_theo_25.wav,theo,FOUR
data/4_theo_26.wav,theo,FOUR
data/4_theo_27.wav,theo,FOUR
data/4_theo_28.wav,theo,FOUR
data/4_theo_29.wav,theo,FOUR
data/4_theo_2.wav,theo,FOUR
data/4_theo_30.wav,theo,FOUR
data/4_theo_31.wav,theo,FOUR
data/4_theo_32.wav,theo,FOUR
data/4_theo_33.wav,theo,FOUR
data/4_theo_34.wav,theo,FOUR
data/4_theo_35.wav,theo,FOUR
data/4_theo_36.wav,theo,FOUR
data/4_theo_37.wav,theo,FOUR
data/4_theo_38.wav,theo,FOUR
data/4_theo_39.wav,theo,FOUR
data/4_theo_3.wav,theo,FOUR
data/4_theo_40.wav,theo,FOUR
data/4_theo_41.wav,theo,FOUR
data/4_theo_42.wav,theo,FOUR
data/4_theo_43.wav,theo,FOUR
data/4_theo_44.wav,theo,FOUR
data/4_theo_45.wav,theo,FOUR
data/4_theo_46.wav,theo,FOUR
data/4_theo_47.wav,theo,FOUR
data/4_theo_48.wav,theo,FOUR
data/4_theo_49.wav,theo,FOUR
data/4_theo_4.wav,theo,FOUR
data/4_theo_5.wav,theo,FOUR
data/4_theo_6.wav,theo,FOUR
data/4_theo_7.wav,theo,FOUR
data/4_theo_8.wav,theo,FOUR
data/4_theo_9.wav,theo,FOUR
data/5_theo_0.wav,theo,FIVE
data/5_theo_10.wav,theo,FIVE
data/5_theo_11.wav,theo,FIVE
data/5_theo_12.wav,theo,FIVE
data/5_theo_13.wav,theo,FIVE
data/5_theo_14.wav,theo,FIVE
data/5_theo_15.wav,theo,FIVE
data/5_theo_16.wav,theo,FIVE
data/5_theo_17.wav,theo,FIVE
data/5_theo_18.wav,theo,FIVE
data/5_theo_19.wav,theo,FIVE
data/5_theo_1.wav,theo,FIVE
data/5_theo_20.wav,theo,FIVE
data/5_theo_21.wav,theo,FIVE
data/5_theo_22.wav,theo,FIVE
data/5_theo_23.wav,theo,FIVE
data/5_theo_24.wav,theo,FIVE
data/5_theo_25.wav,theo,FIVE
data/5_theo_26.wav,theo,FIVE
data/5_theo_27.wav,theo,FIVE
data/5_theo_28.wav,theo,FIVE
data/5_theo_29.wav,theo,FIVE
data/5_theo_2.wav,theo,FIVE
data/5_theo_30.wav,theo,FIVE
data/5_theo_31.wav,theo,FIVE
data/5_theo_32.wav,theo,FIVE
data/5_theo_33.wav,theo,FIVE
data/5_theo_34.wav,theo,FIVE
data/5_theo_35.wav,theo,FIVE
data/5_theo_36.wav,theo,FIVE
data/5_theo_37.wav,theo,FIVE
data/5_theo_38.wav,theo,FIVE
data/5_theo_39.wav,theo,FIVE
data/5_theo_3.wav,theo,FIVE
data/5_theo_40.wav,theo,FIVE
data/5_theo_41.wav,theo,FIVE
data/5_theo_42.wav,theo,FIVE
data/5_theo_43.wav,theo,FIVE
data/5_theo_44.wav,theo,FIVE
data/5_theo_45.wav,theo,FIVE
data/5_theo_46.wav,theo,FIVE
data/5_theo_47.wav,theo,FIVE
data/5_theo_48.wav,theo,FIVE
data/5_theo_49.wav,theo,FIVE
data/5_theo_4.wav,theo,FIVE
data/5_theo_5.wav,theo,FIVE
data/5_theo_6.wav,theo,FIVE
data/5_theo_7.wav,theo,FIVE
data/5_theo_8.wav,theo,FIVE
data/5_theo_9.wav,theo,FIVE
data/6_theo_0.wav,theo,SIX
data/6_theo_10.wav,theo,SIX
data/6_theo_11.wav,theo,SIX
data/6_theo_12.wav,theo,SIX
data/6_theo_13.wav,theo,SIX
data/6_theo_14.wav,theo,SIX
data/6_theo_15.wav,theo,SIX
data/6_theo_16.wav,theo,SIX
data/6_theo_17.wav,theo,SIX
data/6_theo_18.wav,theo,SIX
data/6_theo_19.wav,theo,SIX
data/6_theo_1.wav,theo,SIX
data/6_theo_20.wav,theo,SIX
data/6_theo_21.wav,theo,SIX
data/6_theo_22.wav,theo,SIX
data/6_theo_23.wav,theo,SIX
data/6_theo_24.wav,theo,SIX
data/6_theo_25.wav,theo,SIX
data/6_theo_26.wav,theo,SIX
data/6_theo_27.wav,theo,SIX
data/6_theo_28.wav,theo,SIX
data/6_theo_29.wav,theo,SIX
data/6_theo_2.wav,theo,SIX
data/6_theo_30.wav,theo,SIX
data/6_theo_31.wav,theo,SIX
data/6_theo_32.wav,theo,SIX
data/6_theo_33.wav,theo,SIX
data/6_theo_34.wav,theo,SIX
data/6_theo_35.wav,theo,SIX
data/6_theo_36.wav,theo,SIX
data/6_theo_37.wav,theo,SIX
data/6_theo_38.wav,theo,SIX
data/6_theo_39.wav,theo,SIX
data/6_theo_3.wav,theo,SIX
data/6_theo_40.wav,theo,SIX
data/6_theo_41.wav,theo,SIX
data/6_theo_42.wav,theo,SIX
data/6_theo_43.wav,theo,SIX
data/6_theo_44.wav,theo,SIX
data/6_theo_45.wav,theo,SIX
data/6_theo_46.wav,theo,SIX
data/6_theo_47.wav,theo,SIX
data/6_theo_48.wav,theo,SIX
data/6_theo_49.wav,theo,SIX
data/6_theo_4.wav,theo,SIX
data/6_theo_5.wav,theo,SIX
data/6_theo_6.wav,theo,SIX
data/6_theo_7.wav,theo,SIX
data/6_theo_8.wav,theo,SIX
data/6_theo_9.wav,theo,SIX
data/7_theo_0.wav,theo,SEVEN
data/7_theo_10.wav,theo,SEVEN
data/7_theo_11.wav,theo,SEVEN
data/7_theo_12.wav,theo,SEVEN
data/7_theo_13.wav,theo,SEVEN
data/7_theo_14.wav,theo,SEVEN
data/7_theo_15.wav,theo,SEVEN
data/7_theo_16.wav,theo,SEVEN
data/7_theo_17.wav,theo,SEVEN
data/7_theo_18.wav,theo,SEVEN
data/7_theo_19.wav,theo,SEVEN
data/7_theo_1.wav,theo,SEVEN
data/7_theo_20.wav,theo,SEVEN
data/7_theo_21.wav,theo,SEVEN
data/7_theo_22.wav,theo,SEVEN
data/7_theo_23.wav,theo,SEVEN
data/7_theo_24.wav,theo,SEVEN
data/7_theo_25.wav,theo,SEVEN
data/7_theo_26.wav,theo,SEVEN
data/7_theo_27.wav,theo,SEVEN
data/7_theo_28.wav,theo,SEVEN
data/7_theo_29.wav,theo,SEVEN
data/7_theo_2.wav,theo,SEVEN
data/7_theo_30.wav,theo,SEVEN
data/7_theo_31.wav,theo,SEVEN
data/7_theo_32.wav,theo,SEVEN
data/7_theo_33.wav,theo,SEVEN
data/7_theo_34.wav,theo,SEVEN
data/7_theo_35.wav,theo,SEVEN
data/7_theo_36.wav,theo,SEVEN
data/7_theo_37.wav,theo,SEVEN
data/7_theo_38.wav,theo,SEVEN
data/7_theo_39.wav,theo,SEVEN
data/7_theo_3.wav,theo,SEVEN
data/7_theo_40.wav,theo,SEVEN
data/7_theo_41.wav,theo,SEVEN
data/7_theo_42.wav,theo,SEVEN
data/7_theo_43.wav,theo,SEVEN
data/7_theo_44.wav,theo,SEVEN
data/7_theo_45.wav,theo,SEVEN
data/7_theo_46.wav,theo,SEVEN
data/7_theo_47.wav,theo,SEVEN
data/7_theo_48.wav,theo,SEVEN
data/7_theo_49.wav,theo,SEVEN
data/7_theo_4.wav,theo,SEVEN
data/7_theo_5.wav,theo,SEVEN
data/7_theo_6.wav,theo,SEVEN
data/7_theo_7.wav,theo,SEVEN
data/7_theo_8.wav,theo,SEVEN
data/7_theo_9.wav,theo,SEVEN
data/8_theo_0.wav,theo,EIGHT
data/8_theo_10.wav,theo,EIGHT
data/8_theo_11.wav,theo,EIGHT
data/8_theo_12.wav,theo,EIGHT
data/8_theo_13.wav,theo,EIGHT
data/8_theo_14.wav,theo,EIGHT
data/8_theo_15.wav,theo,EIGHT
data/8_theo_16.wav,theo,EIGHT
data/8_theo_17.wav,theo,EIGHT
data/8_theo_18.wav,theo,EIGHT
data/8_theo_19.wav,theo,EIGHT
data/8_theo_1.wav,theo,EIGHT
data/8_theo_20.wav,theo,EIGHT
data/8_theo_21.wav,theo,EIGHT
data/8_theo_22.wav,theo,EIGHT
data/8_theo_23.wav,theo,EIGHT
data/8_theo_24.wav,theo,EIGHT
data/8_theo_25.wav,theo,EIGHT
data/8_theo_26.wav,theo,EIGHT
data/8_theo_27.wav,theo,EIGHT
data/8_theo_28.wav,theo,EIGHT
data/8_theo_29.wav,theo,EIGHT
data/8_theo_2.wav,theo,EIGHT
data/8_theo_30.wav,theo,EIGHT
data/8_theo_31.wav,theo,EIGHT
data/8_theo_32.wav,theo,EIGHT
data/8_theo_33.wav,theo,EIGHT
data/8_theo_34.wav,theo,EIGHT
data/8_theo_35.wav,theo,EIGHT
data/8_theo_36.wav,theo,EIGHT
data/8_theo_37.wav,theo,EIGHT
data/8_theo_38.wav,theo,EIGHT
data/8_theo_39.wav,theo,EIGHT
data/8_theo_3.wav,theo,EIGHT
data/8_theo_40.wav,theo,EIGHT
data/8_theo_41.wav,theo,EIGHT
data/8_theo_42.wav,theo,EIGHT
data/8_theo_43.wav,theo,EIGHT
data/8_theo_44.wav,theo,EIGHT
data/8_theo_45.wav,theo,EIGHT
data/8_theo_46.wav,theo,EIGHT
data/8_theo_47.wav,theo,EIGHT
data/8_theo_48.wav,theo,EIGHT
data/8_theo_49.wav,theo,EIGHT
data/8_theo_4.wav,theo,EIGHT
data/8_theo_5.wav,theo,EIGHT
data/8_theo_6.wav,theo,EIGHT
data/8_theo_7.wav,theo,EIGHT
data/8_theo_8.wav,theo,EIGHT
data/8_theo_9.wav,theo,EIGHT
data/9_theo_0.wav,theo,NINE
data/9_theo_10.wav,theo,NINE
data/9_theo_11.wav,theo,NINE
data/9_theo_12.wav,theo,NINE
data/9_theo_13.wav,theo,NINE
data/9_theo_14.wav,theo,NINE
data/9_theo_15.wav,theo,NINE
data/9_theo_16.wav,theo,NINE
data/9_theo_17.wav,theo,NINE
data/9_theo_18.wav,theo,NINE
data/9_theo_19.wav,theo,NINE
data/9_theo_1.wav,theo,NINE
data/9_theo_20.wav,theo,NINE
data/9_theo_21.wav,theo,NINE
data/9_theo_22.wav,theo,NINE
data/9_theo_23.wav,theo,NINE
data/9_theo_24.wav,theo,NINE
data/9_theo_25.wav,theo,NINE
data/9_theo_26.wav,theo,NINE
data/9_theo_27.wav,theo,NINE
data/9_theo_28.wav,theo,NINE
data/9_theo_29.wav,theo,NINE
data/9_theo_2.wav,theo,NINE
data/9_theo_30.wav,theo,NINE
data/9_theo_31.wav,theo,NINE
data/9_theo_32.wav,theo,NINE
data/9_theo_33.wav,theo,NINE
data/9_theo_34.wav,theo,NINE
data/9_theo_35.wav,theo,NINE
data/9_theo_36.wav,theo,NINE
data/9_theo_37.wav,theo,NINE
data/9_theo_38.wav,theo,NINE
data/9_theo_39.wav,theo,NINE
data/9_theo_3.wav,theo,NINE
data/9_theo_40.wav,theo,NINE
data/9_theo_41.wav,theo,NINE
data/9_theo_42.wav,theo,NINE
data/9_theo_43.wav,theo,NINE
data/9_theo_44.wav,theo,NINE
data/9_theo_45.wav,theo,NINE
data/9_theo_46.wav,theo,NINE
data/9_theo_47.wav,theo,NINE
data/9_theo_48.wav,theo,NINE
data/9_theo_49.wav,theo,NINE
data/9_theo_4.wav,theo,NINE
data/9_theo_5.wav,theo,NINE
data/9_theo_6.wav,theo,NINE
data/9_theo_7.wav,theo,NINE
data/9_theo_8.wav,theo,NINE
data/9_theo_9.wav,theo,NINE
